part,trialId,speechId,paragraphId,sentenceId,wordId,word,char_IA_ids,landing_position,word_first_fix_dur,word_first_pass_dur,word_go_past_time,word_mean_fix_dur,word_total_fix_dur,number_of_fixations,word_mean_sacc_dur,word_peak_sacc_velocity
1,11,7946,0,984,0,"Godaften,","[1, 2, 3, 4, 5, 6, 7, 8, 9]",5.0,189.0,189.0,189.0,189.0,189.0,1,32.0,254.12
1,11,7946,0,984,1,og,"[10, 11]",,,,,,,0,,
1,11,7946,0,984,2,tak,"[12, 13, 14]",,,,,,,0,,
1,11,7946,0,984,3,fordi,"[15, 16, 17, 18, 19]",2.0,302.0,302.0,302.0,258.5,517.0,2,39.0,320.84
1,11,7946,0,984,4,jeg,"[20, 21, 22]",,,,,,,0,,
1,11,7946,0,984,5,må,[23],,,,,,,0,,
1,11,7946,0,984,6,komme,"[25, 26, 27, 28, 29]",0.0,166.0,166.0,166.0,166.0,166.0,1,46.0,249.22
1,11,7946,0,984,7,og,"[30, 31]",,,,,,,0,,
1,11,7946,0,984,8,holde,"[32, 33, 34, 35, 36]",0.0,151.0,151.0,151.0,151.0,151.0,1,38.0,258.78
1,11,7946,0,984,9,årets,"[38, 39, 40, 41]",0.0,206.0,206.0,206.0,206.0,206.0,1,45.0,314.91
1,11,7946,0,984,10,båltale.,"[42, 44, 45, 46, 47, 48, 49]",2.0,193.0,193.0,193.0,193.0,193.0,1,22.0,174.48
1,11,7946,0,985,11,Jeg,"[50, 51, 52]",,,,,,,0,,
1,11,7946,0,985,12,har,"[53, 54, 55]",,,,,,,0,,
1,11,7946,0,985,13,glædet,"[56, 57, 59, 60, 61]",,,,,,,0,,
1,11,7946,0,985,14,mig,"[62, 63, 64]",1.0,134.0,134.0,134.0,134.0,134.0,1,25.0,166.45
1,11,7946,0,985,15,til,"[65, 66, 67]",,,,,,,0,,
1,11,7946,0,985,16,skulle,"[68, 69, 70, 71, 72, 73]",0.0,180.0,180.0,180.0,151.5,303.0,2,29.0,203.9
1,11,7946,0,985,17,stå,"[74, 75]",,,,,,,0,,
1,11,7946,0,985,18,her,"[77, 78, 79]",2.0,257.0,257.0,257.0,257.0,257.0,1,85.0,530.33
1,11,7946,0,985,19,i,[80],,,,,,,0,,
1,11,7946,0,985,20,aften,"[81, 82, 83, 84, 85]",4.0,109.0,109.0,109.0,109.0,109.0,1,110.0,310.48
1,11,7946,0,985,21,og,"[86, 87]",,,,,,,0,,
1,11,7946,0,985,22,holde,"[88, 89, 90, 91, 92]",0.0,138.0,138.0,138.0,138.0,138.0,1,21.0,116.65
1,11,7946,0,985,23,båltalen,"[93, 95, 96, 97, 98, 99, 100]",3.0,278.0,278.0,278.0,278.0,278.0,1,49.0,295.75
1,11,7946,0,985,24,og,"[101, 102]",,,,,,,0,,
1,11,7946,0,985,25,dermed,"[103, 104, 105, 106, 107, 108]",4.0,208.0,208.0,208.0,208.0,208.0,1,53.0,386.83
1,11,7946,0,985,26,fejre,"[109, 110, 111, 112, 113]",2.0,237.0,237.0,237.0,237.0,237.0,1,28.0,200.99
1,11,7946,0,985,27,midsommer,"[114, 115, 116, 117, 118, 119, 120, 121, 122]",6.0,194.0,194.0,194.0,194.0,194.0,1,30.0,285.33
1,11,7946,0,985,28,eller,"[123, 124, 125, 126, 127]",,,,,,,0,,
1,11,7946,0,985,29,Sankt,"[128, 129, 130, 131, 132]",,,,,,,0,,
1,11,7946,0,985,30,Hans,"[133, 134, 135, 136]",,,,,,,0,,
1,11,7946,0,985,31,"aften,","[137, 138, 139, 140, 141, 142]",1.0,103.0,103.0,103.0,103.0,103.0,1,37.0,277.39
1,11,7946,0,985,32,som,"[143, 144, 145]",,,,,,,0,,
1,11,7946,0,985,33,det,"[146, 147, 148]",,,,,,,0,,
1,11,7946,0,985,34,jo,"[149, 150]",1.0,157.0,157.0,157.0,157.0,157.0,1,27.0,172.02
1,11,7946,0,985,35,også,"[151, 152, 153]",,,,,,,0,,
1,11,7946,0,985,36,"hedder,","[155, 156, 157, 158, 159, 160, 161]",3.0,242.0,242.0,242.0,242.0,242.0,1,84.0,562.56
1,11,7946,0,985,37,sammen,"[162, 163, 164, 165, 166, 167]",,,,,,,0,,
1,11,7946,0,985,38,med,"[168, 169, 170]",0.0,165.0,165.0,165.0,165.0,165.0,1,30.0,207.91
1,11,7946,0,985,39,alle,"[171, 172, 173, 174]",,,,,,,0,,
1,11,7946,0,985,40,jer.,"[175, 176, 177, 178]",1.0,222.0,222.0,222.0,222.0,222.0,1,34.0,245.87
1,11,7946,0,986,41,Midsommer,"[179, 180, 181, 182, 183, 184, 185, 186, 187]",7.0,191.0,191.0,191.0,191.0,191.0,1,32.0,271.06
1,11,7946,0,986,42,er,"[188, 189]",,,,,,,0,,
1,11,7946,0,986,43,en,"[190, 191]",,,,,,,0,,
1,11,7946,0,986,44,helt,"[192, 193, 194, 195]",,,,,,,0,,
1,11,7946,0,986,45,speciel,"[196, 197, 198, 199, 200, 201, 202]",1.0,299.0,299.0,299.0,299.0,299.0,1,39.0,254.21
1,11,7946,0,986,46,tid,"[203, 204, 205]",,,,,,,0,,
1,11,7946,0,986,47,for,"[206, 207, 208]",0.0,188.0,188.0,188.0,188.0,188.0,1,38.0,300.44
1,11,7946,0,986,48,"mig,","[209, 210, 211, 212]",1.0,146.0,146.0,146.0,146.0,146.0,1,24.0,148.14
1,11,7946,0,986,49,den,"[213, 214, 215]",,,,,,,0,,
1,11,7946,0,986,50,er,"[216, 217]",,,,,,,0,,
1,11,7946,0,986,51,faktisk,"[218, 219, 220, 221, 222, 223, 224]",,,,,,,0,,
1,11,7946,0,986,52,lige,"[225, 226, 227, 228]",3.0,141.0,141.0,141.0,141.0,141.0,1,31.0,171.73
1,11,7946,0,986,53,så,[229],,,,,,,0,,
1,11,7946,0,986,54,vigtigt,"[231, 232, 233, 234, 235, 236, 237]",5.0,289.0,289.0,289.0,206.0,412.0,2,51.5,540.83
1,11,7946,0,986,55,for,"[238, 239, 240]",,,,,,,0,,
1,11,7946,0,986,56,mig,"[241, 242, 243]",2.0,229.0,229.0,229.0,229.0,229.0,1,27.0,222.52
1,11,7946,0,986,57,som,"[244, 245, 246]",,,,,,,0,,
1,11,7946,0,986,58,julen.,"[247, 248, 249, 250, 251, 252]",0.0,144.0,144.0,144.0,144.0,144.0,1,20.0,111.78
1,11,7946,0,987,59,For,"[253, 254, 255]",,,,,,,0,,
1,11,7946,0,987,60,hvor,"[256, 257, 258, 259]",1.0,239.0,239.0,239.0,239.0,239.0,1,25.0,198.59
1,11,7946,0,987,61,vi,"[260, 261]",1.0,309.0,309.0,309.0,309.0,309.0,1,22.0,125.05
1,11,7946,0,987,62,ved,"[262, 263, 264]",1.0,186.0,186.0,742.0,251.5,503.0,2,31.5,254.77
1,11,7946,0,987,63,jul,"[265, 266, 267]",,,,,,,0,,
1,11,7946,0,987,64,mødes,"[268, 270, 271, 272]",3.0,173.0,173.0,482.0,218.0,436.0,2,38.5,292.27
1,11,7946,0,987,65,i,[273],0.0,188.0,188.0,188.0,188.0,188.0,1,12.0,61.42
1,11,7946,0,987,66,mørket,"[274, 276, 277, 278, 279]",1.0,272.0,272.0,699.0,223.33333333333334,670.0,3,30.666666666666668,242.11
1,11,7946,0,987,67,om,"[280, 281]",,,,,,,0,,
1,11,7946,0,987,68,de,"[282, 283]",,,,,,,0,,
1,11,7946,0,987,69,små,"[284, 285]",,,,,,,0,,
1,11,7946,0,987,70,lys.,"[287, 288, 289, 290]",,,,,,,0,,
1,11,7946,0,988,71,Så,[291],,,,,,,0,,
1,11,7946,0,988,72,mødes,"[293, 295, 296, 297]",,,,,,,0,,
1,11,7946,0,988,73,vi,"[298, 299]",1.0,147.0,147.0,147.0,147.0,147.0,1,22.0,149.52
1,11,7946,0,988,74,i,[300],,,,,,,0,,
1,11,7946,0,988,75,aften,"[301, 302, 303, 304, 305]",3.0,249.0,249.0,249.0,249.0,249.0,1,33.0,174.28
1,11,7946,0,988,76,i,[306],,,,,,,0,,
1,11,7946,0,988,77,det,"[307, 308, 309]",,,,,,,0,,
1,11,7946,0,988,78,lille,"[310, 311, 312, 313, 314]",3.0,226.0,396.0,396.0,185.33333333333334,556.0,3,60.333333333333336,605.94
1,11,7946,0,988,79,mørke,"[315, 317, 318, 319]",2.0,187.0,187.0,187.0,187.0,187.0,1,148.0,335.7
1,11,7946,0,988,80,for,"[320, 321, 322]",0.0,168.0,168.0,168.0,168.0,168.0,1,75.0,520.66
1,11,7946,0,988,81,sammen,"[323, 324, 325, 326, 327, 328]",1.0,255.0,255.0,1051.0,200.0,600.0,3,27.0,253.31
1,11,7946,0,988,82,at,"[329, 330]",0.0,140.0,140.0,140.0,140.0,140.0,1,25.0,154.86
1,11,7946,0,988,83,fejre,"[331, 332, 333, 334, 335]",4.0,201.0,201.0,201.0,201.0,201.0,1,32.0,248.72
1,11,7946,0,988,84,det,"[336, 337, 338]",,,,,,,0,,
1,11,7946,0,988,85,helt,"[339, 340, 341, 342]",,,,,,,0,,
1,11,7946,0,988,86,store,"[343, 344, 345, 346, 347]",2.0,324.0,324.0,324.0,324.0,324.0,1,25.0,175.2
1,11,7946,0,988,87,lys.,"[348, 349, 350, 351]",,,,,,,0,,
1,11,7946,0,989,88,"Velvidende,","[352, 353, 354, 355, 356, 357, 358, 359, 360, 361, 362]",7.0,290.0,290.0,290.0,207.66666666666666,623.0,3,39.666666666666664,527.06
1,11,7946,0,989,89,at,"[363, 364]",,,,,,,0,,
1,11,7946,0,989,90,nu,"[365, 366]",,,,,,,0,,
1,11,7946,0,989,91,drejer,"[367, 368, 369, 370, 371, 372]",4.0,224.0,224.0,224.0,215.0,430.0,2,34.5,342.68
1,11,7946,0,989,92,årstidshjulet,"[374, 375, 376, 377, 378, 379, 380, 381, 382, 383, 384, 385]",6.0,167.0,167.0,167.0,178.5,357.0,2,36.0,240.85
1,11,7946,0,989,93,en,"[386, 387]",,,,,,,0,,
1,11,7946,0,989,94,tak.,"[388, 389, 390, 391]",0.0,102.0,102.0,102.0,102.0,102.0,1,24.0,179.71
1,11,7946,0,990,95,Nu,"[392, 393]",0.0,344.0,344.0,344.0,344.0,344.0,1,23.0,153.91
1,11,7946,0,990,96,står,"[394, 395, 397]",0.0,158.0,158.0,158.0,158.0,158.0,1,18.0,97.17
1,11,7946,0,990,97,vi,"[398, 399]",,,,,,,0,,
1,11,7946,0,990,98,midt,"[400, 401, 402, 403]",2.0,134.0,134.0,134.0,134.0,134.0,1,49.0,387.82
1,11,7946,0,990,99,i,[404],0.0,151.0,151.0,151.0,151.0,151.0,1,22.0,94.15
1,11,7946,0,990,100,"sommeren,","[405, 406, 407, 408, 409, 410, 411, 412, 413]",,,,,,,0,,
1,11,7946,0,990,101,og,"[414, 415]",,,,,,,0,,
1,11,7946,0,990,102,vi,"[416, 417]",,,,,,,0,,
1,11,7946,0,990,103,går,"[418, 420]",1.0,266.0,266.0,266.0,266.0,266.0,1,29.0,236.95
1,11,7946,0,990,104,dermed,"[421, 422, 423, 424, 425, 426]",1.0,173.0,173.0,173.0,173.0,173.0,1,21.0,137.79
1,11,7946,0,990,105,...,"[427, 428, 429]",,,,,,,0,,
1,11,7946,0,990,106,"ja,","[430, 431, 432]",0.0,175.0,175.0,175.0,175.0,175.0,1,28.0,197.51
1,11,7946,0,990,107,jeg,"[433, 434, 435]",,,,,,,0,,
1,11,7946,0,990,108,er,"[436, 437]",0.0,219.0,219.0,219.0,219.0,219.0,1,28.0,207.24
1,11,7946,0,990,109,ked,"[438, 439, 440]",0.0,172.0,172.0,172.0,172.0,172.0,1,25.0,151.17
1,11,7946,0,990,110,af,"[441, 442]",,,,,,,0,,
1,11,7946,0,990,111,at,"[443, 444]",0.0,161.0,161.0,334.0,170.0,340.0,2,41.0,404.67
1,11,7946,0,990,112,sige,"[445, 446, 447, 448]",,,,,,,0,,
1,11,7946,0,990,113,det,"[449, 450, 451]",,,,,,,0,,
1,11,7946,0,990,114,...,"[452, 453, 454]",,,,,,,0,,
1,11,7946,0,990,115,men,"[455, 456, 457]",,,,,,,0,,
1,11,7946,0,990,116,vi,"[458, 459]",,,,,,,0,,
1,11,7946,0,990,117,går,"[460, 462]",,,,,,,0,,
1,11,7946,0,990,118,faktisk,"[463, 464, 465, 466, 467, 468, 469]",6.0,154.0,154.0,154.0,154.0,154.0,1,91.0,539.87
1,11,7946,0,990,119,mod,"[470, 471, 472]",,,,,,,0,,
1,11,7946,0,990,120,mere,"[473, 474, 475, 476]",,,,,,,0,,
1,11,7946,0,990,121,mørke,"[477, 479, 480, 481]",0.0,388.0,558.0,558.0,279.0,558.0,2,134.5,256.06
1,11,7946,0,990,122,tider.,"[482, 483, 484, 485, 486, 487]",,,,,,,0,,
1,12,7946,1,991,0,Men,"[1, 2, 3]",,,,,,,0,,
1,12,7946,1,991,1,lad,"[4, 5, 6]",2.0,221.0,221.0,221.0,221.0,221.0,1,43.0,278.39
1,12,7946,1,991,2,os,"[7, 8]",,,,,,,0,,
1,12,7946,1,991,3,nu,"[9, 10]",,,,,,,0,,
1,12,7946,1,991,4,glemme,"[11, 12, 13, 14, 15, 16]",1.0,103.0,103.0,103.0,103.0,103.0,1,27.0,238.0
1,12,7946,1,991,5,det,"[17, 18, 19]",2.0,155.0,155.0,155.0,155.0,155.0,1,28.0,233.23
1,12,7946,1,991,6,for,"[20, 21, 22]",,,,,,,0,,
1,12,7946,1,991,7,en,"[23, 24]",,,,,,,0,,
1,12,7946,1,991,8,stund,"[25, 26, 27, 28, 29]",2.0,185.0,185.0,185.0,185.0,185.0,1,30.0,264.59
1,12,7946,1,991,9,og,"[30, 31]",,,,,,,0,,
1,12,7946,1,991,10,i,[32],,,,,,,0,,
1,12,7946,1,991,11,stedet,"[33, 34, 35, 36, 37, 38]",,,,,,,0,,
1,12,7946,1,991,12,glæde,"[39, 40, 42, 43]",0.0,124.0,124.0,124.0,124.0,124.0,1,43.0,215.41
1,12,7946,1,991,13,os,"[44, 45]",,,,,,,0,,
1,12,7946,1,991,14,over,"[46, 47, 48, 49]",3.0,199.0,199.0,199.0,199.0,199.0,1,37.0,305.7
1,12,7946,1,991,15,lyset.,"[50, 51, 52, 53, 54, 55]",,,,,,,0,,
1,12,7946,1,992,16,Og,"[56, 57]",,,,,,,0,,
1,12,7946,1,992,17,lad,"[58, 59, 60]",,,,,,,0,,
1,12,7946,1,992,18,os,"[61, 62]",1.0,142.0,142.0,142.0,142.0,142.0,1,34.0,224.69
1,12,7946,1,992,19,glæde,"[63, 64, 66, 67]",0.0,129.0,129.0,129.0,129.0,129.0,1,206.0,231.8
1,12,7946,1,992,20,os,"[68, 69]",0.0,240.0,240.0,240.0,240.0,240.0,1,24.0,157.08
1,12,7946,1,992,21,så,[70],,,,,,,0,,
1,12,7946,1,992,22,"meget,","[72, 73, 74, 75, 76, 77]",0.0,407.0,582.0,582.0,291.0,582.0,2,116.0,564.78
1,12,7946,1,992,23,at,"[78, 79]",,,,,,,0,,
1,12,7946,1,992,24,vi,"[80, 81]",,,,,,,0,,
1,12,7946,1,992,25,også,"[82, 83, 84]",1.0,288.0,288.0,288.0,288.0,288.0,1,28.0,264.65
1,12,7946,1,992,26,her,"[86, 87, 88]",,,,,,,0,,
1,12,7946,1,992,27,i,[89],,,,,,,0,,
1,12,7946,1,992,28,aften,"[90, 91, 92, 93, 94]",2.0,158.0,328.0,328.0,164.0,328.0,2,79.0,350.75
1,12,7946,1,992,29,tænder,"[95, 97, 98, 99, 100]",4.0,161.0,161.0,161.0,161.0,161.0,1,32.0,284.18
1,12,7946,1,992,30,lys.,"[101, 102, 103, 104]",,,,,,,0,,
1,12,7946,1,993,31,Og,"[105, 106]",,,,,,,0,,
1,12,7946,1,993,32,hygger,"[107, 108, 109, 110, 111, 112]",5.0,358.0,358.0,358.0,358.0,358.0,1,28.0,226.69
1,12,7946,1,993,33,og,"[113, 114]",,,,,,,0,,
1,12,7946,1,993,34,er,"[115, 116]",,,,,,,0,,
1,12,7946,1,993,35,sammen.,"[117, 118, 119, 120, 121, 122, 123]",4.0,260.0,260.0,260.0,260.0,260.0,1,27.0,230.05
1,12,7946,1,994,36,For,"[124, 125, 126]",,,,,,,0,,
1,12,7946,1,994,37,når,"[127, 129]",,,,,,,0,,
1,12,7946,1,994,38,vi,"[130, 131]",0.0,361.0,361.0,361.0,361.0,361.0,1,29.0,187.99
1,12,7946,1,994,39,så,[132],,,,,,,0,,
1,12,7946,1,994,40,vælger,"[134, 136, 137, 138, 139]",2.0,207.0,207.0,207.0,289.0,578.0,2,77.5,302.49
1,12,7946,1,994,41,at,"[140, 141]",,,,,,,0,,
1,12,7946,1,994,42,gå,[142],,,,,,,0,,
1,12,7946,1,994,43,ud,"[144, 145]",1.0,223.0,223.0,223.0,223.0,223.0,1,26.0,136.74
1,12,7946,1,994,44,af,"[146, 147]",0.0,138.0,138.0,138.0,138.0,138.0,1,84.0,573.64
1,12,7946,1,994,45,vore,"[148, 149, 150, 151]",1.0,136.0,136.0,136.0,177.0,354.0,2,55.5,582.28
1,12,7946,1,994,46,huse.,"[152, 153, 154, 155, 156]",2.0,252.0,252.0,252.0,252.0,252.0,1,87.0,574.46
1,12,7946,1,995,47,Ud,"[157, 158]",1.0,137.0,137.0,137.0,137.0,137.0,1,45.0,208.02
1,12,7946,1,995,48,af,"[159, 160]",0.0,186.0,186.0,186.0,186.0,186.0,1,115.0,301.99
1,12,7946,1,995,49,vores,"[161, 162, 163, 164, 165]",4.0,200.0,200.0,200.0,200.0,200.0,1,22.0,189.16
1,12,7946,1,995,50,carporte,"[166, 167, 168, 169, 170, 171, 172, 173]",,,,,,,0,,
1,12,7946,1,995,51,og,"[174, 175]",,,,,,,0,,
1,12,7946,1,995,52,stige,"[176, 177, 178, 179, 180]",4.0,273.0,273.0,273.0,273.0,273.0,1,39.0,275.53
1,12,7946,1,995,53,ned,"[181, 182, 183]",,,,,,,0,,
1,12,7946,1,995,54,fra,"[184, 185, 186]",0.0,194.0,194.0,194.0,194.0,194.0,1,29.0,300.23
1,12,7946,1,995,55,vore,"[187, 188, 189, 190]",,,,,,,0,,
1,12,7946,1,995,56,cykler,"[191, 192, 193, 194, 195, 196]",0.0,166.0,166.0,166.0,166.0,166.0,1,27.0,195.95
1,12,7946,1,995,57,og,"[197, 198]",1.0,161.0,161.0,161.0,161.0,161.0,1,28.0,191.53
1,12,7946,1,995,58,ud,"[199, 200]",,,,,,,0,,
1,12,7946,1,995,59,af,"[201, 202]",,,,,,,0,,
1,12,7946,1,995,60,vore,"[203, 204, 205, 206]",2.0,484.0,484.0,484.0,484.0,484.0,1,37.0,267.14
1,12,7946,1,995,61,biler.,"[207, 208, 209, 210, 211, 212]",,,,,,,0,,
1,12,7946,1,996,62,For,"[213, 214, 215]",,,,,,,0,,
1,12,7946,1,996,63,at,"[216, 217]",,,,,,,0,,
1,12,7946,1,996,64,stå,"[218, 219]",,,,,,,0,,
1,12,7946,1,996,65,her,"[221, 222, 223]",,,,,,,0,,
1,12,7946,1,996,66,sammen.,"[224, 225, 226, 227, 228, 229, 230]",1.0,220.0,323.0,323.0,161.5,323.0,2,47.0,563.61
1,12,7946,1,997,67,Er,"[231, 232]",,,,,,,0,,
1,12,7946,1,997,68,det,"[233, 234, 235]",0.0,145.0,145.0,145.0,145.0,145.0,1,27.0,268.87
1,12,7946,1,997,69,vel,"[236, 237, 238]",1.0,142.0,142.0,142.0,142.0,142.0,1,25.0,124.98
1,12,7946,1,997,70,egentlig,"[239, 240, 241, 242, 243, 244, 245, 246]",5.0,194.0,194.0,194.0,194.0,194.0,1,37.0,222.59
1,12,7946,1,997,71,"også,","[247, 248, 249, 251]",,,,,,,0,,
1,12,7946,1,997,72,fordi,"[252, 253, 254, 255, 256]",0.0,185.0,185.0,185.0,185.0,185.0,1,27.0,235.12
1,12,7946,1,997,73,vi,"[257, 258]",,,,,,,0,,
1,12,7946,1,997,74,ønsker,"[260, 261, 262, 263, 264]",1.0,493.0,493.0,493.0,493.0,493.0,1,31.0,242.7
1,12,7946,1,997,75,at,"[265, 266]",,,,,,,0,,
1,12,7946,1,997,76,dele,"[267, 268, 269, 270]",,,,,,,0,,
1,12,7946,1,997,77,denne,"[271, 272, 273, 274, 275]",0.0,150.0,150.0,150.0,150.0,150.0,1,38.0,250.09
1,12,7946,1,997,78,begejstring,"[276, 277, 278, 279, 280, 281, 282, 283, 284, 285, 286]",0.0,162.0,162.0,454.0,152.0,304.0,2,30.0,241.77
1,12,7946,1,997,79,for,"[287, 288, 289]",,,,,,,0,,
1,12,7946,1,997,80,lyset,"[290, 291, 292, 293, 294]",2.0,160.0,160.0,160.0,160.0,160.0,1,44.0,267.27
1,12,7946,1,997,81,med,"[295, 296, 297]",1.0,214.0,214.0,214.0,214.0,214.0,1,22.0,123.63
1,12,7946,1,997,82,hinanden.,"[298, 299, 300, 301, 302, 303, 304, 305, 306]",,,,,,,0,,
1,12,7946,1,998,83,For,"[307, 308, 309]",,,,,,,0,,
1,12,7946,1,998,84,hver,"[310, 311, 312, 313]",0.0,185.0,290.0,290.0,145.0,290.0,2,52.5,597.64
1,12,7946,1,998,85,eneste,"[314, 315, 316, 317, 318, 319]",1.0,204.0,204.0,204.0,204.0,204.0,1,25.0,209.9
1,12,7946,1,998,86,af,"[320, 321]",1.0,112.0,112.0,112.0,112.0,112.0,1,28.0,130.35
1,12,7946,1,998,87,jer.,"[322, 323, 324, 325]",0.0,207.0,207.0,207.0,207.0,207.0,1,40.0,280.01
1,12,7946,1,999,88,Er,"[326, 327]",,,,,,,0,,
1,12,7946,1,999,89,der,"[328, 329, 330]",1.0,174.0,174.0,174.0,173.0,346.0,2,41.0,290.68
1,12,7946,1,999,90,"noget,","[331, 332, 333, 334, 335, 336]",3.0,152.0,152.0,326.0,225.66666666666666,677.0,3,23.333333333333332,149.05
1,12,7946,1,999,91,der,"[337, 338, 339]",,,,,,,0,,
1,12,7946,1,999,92,"gør,","[340, 342, 343]",1.0,268.0,380.0,380.0,284.25,1137.0,4,53.5,322.44
1,12,7946,1,999,93,at,"[344, 345]",,,,,,,0,,
1,12,7946,1,999,94,I,[346],0.0,219.0,219.0,219.0,219.0,219.0,1,26.0,210.69
1,12,7946,1,999,95,ikke,"[347, 348, 349, 350]",3.0,179.0,340.0,340.0,192.5,770.0,4,24.0,239.96
1,12,7946,1,999,96,"synes,","[351, 352, 353, 354, 355, 356]",4.0,164.0,164.0,4207.0,191.66666666666666,575.0,3,36.0,507.88
1,12,7946,1,999,97,det,"[357, 358, 359]",0.0,135.0,135.0,135.0,135.0,135.0,1,28.0,178.96
1,12,7946,1,999,98,er,"[360, 361]",0.0,278.0,278.0,278.0,278.0,278.0,1,27.0,229.92
1,12,7946,1,999,99,nok,"[362, 363, 364]",2.0,260.0,260.0,260.0,253.0,506.0,2,25.5,176.34
1,12,7946,1,999,100,bare,"[365, 366, 367, 368]",2.0,112.0,112.0,390.0,246.66666666666666,740.0,3,82.33333333333333,342.72
1,12,7946,1,999,101,at,"[369, 370]",1.0,287.0,287.0,287.0,287.0,287.0,1,24.0,156.39
1,12,7946,1,999,102,tænde,"[371, 373, 374, 375]",0.0,220.0,220.0,897.0,176.0,352.0,2,27.0,207.59
1,12,7946,1,999,103,et,"[376, 377]",0.0,233.0,233.0,233.0,233.0,233.0,1,30.0,246.92
1,12,7946,1,999,104,fyrfadslys,"[378, 379, 380, 381, 382, 383, 384, 385, 386, 387]",9.0,119.0,119.0,700.0,182.33333333333334,547.0,3,54.0,535.14
1,12,7946,1,999,105,og,"[388, 389]",0.0,107.0,107.0,107.0,107.0,107.0,1,86.0,530.78
1,12,7946,1,999,106,passe,"[390, 391, 392, 393, 394]",2.0,199.0,199.0,199.0,199.0,199.0,1,39.0,316.38
1,12,7946,1,999,107,parcellen.,"[395, 396, 397, 398, 399, 400, 401, 402, 403, 404]",3.0,204.0,204.0,2689.0,174.5,349.0,2,39.5,443.28
1,13,7946,2,1000,0,"Nej,","[1, 2, 3, 4]",3.0,162.0,162.0,162.0,162.0,162.0,1,44.0,248.67
1,13,7946,2,1000,1,både,"[5, 7, 8]",2.0,146.0,146.0,146.0,146.0,146.0,1,29.0,296.28
1,13,7946,2,1000,2,I,[9],0.0,150.0,150.0,150.0,150.0,150.0,1,21.0,71.27
1,13,7946,2,1000,3,børn,"[10, 12, 13]",,,,,,,0,,
1,13,7946,2,1000,4,og,"[14, 15]",1.0,125.0,125.0,421.0,169.5,339.0,2,25.0,178.97
1,13,7946,2,1000,5,I,[16],,,,,,,0,,
1,13,7946,2,1000,6,voksne,"[17, 18, 19, 20, 21, 22]",3.0,218.0,218.0,218.0,178.0,356.0,2,29.0,247.34
1,13,7946,2,1000,7,har,"[23, 24, 25]",2.0,224.0,224.0,224.0,224.0,224.0,1,22.0,136.92
1,13,7946,2,1000,8,søgt,"[26, 28, 29]",1.0,160.0,160.0,726.0,144.0,288.0,2,38.5,326.6
1,13,7946,2,1000,9,mod,"[30, 31, 32]",0.0,174.0,174.0,174.0,174.0,174.0,1,31.0,264.68
1,13,7946,2,1000,10,det,"[33, 34, 35]",,,,,,,0,,
1,13,7946,2,1000,11,her,"[36, 37, 38]",0.0,112.0,112.0,112.0,112.0,112.0,1,52.0,334.26
1,13,7946,2,1000,12,fælleskab.,"[39, 41, 42, 43, 44, 45, 46, 47, 48]",,,,,,,0,,
1,13,7946,2,1001,13,Og,"[49, 50]",,,,,,,0,,
1,13,7946,2,1001,14,hvorfor,"[51, 52, 53, 54, 55, 56, 57]",,,,,,,0,,
1,13,7946,2,1001,15,gør,"[58, 60]",1.0,218.0,218.0,218.0,218.0,218.0,1,29.0,209.36
1,13,7946,2,1001,16,vi,"[61, 62]",,,,,,,0,,
1,13,7946,2,1001,17,egentlig,"[63, 64, 65, 66, 67, 68, 69, 70]",6.0,223.0,223.0,223.0,247.5,495.0,2,28.0,225.12
1,13,7946,2,1001,18,det,"[71, 72, 73]",,,,,,,0,,
1,13,7946,2,1001,19,som,"[74, 75, 76]",1.0,283.0,283.0,743.0,235.5,471.0,2,55.5,555.87
1,13,7946,2,1001,20,moderne,"[77, 78, 79, 80, 81, 82, 83]",4.0,194.0,194.0,194.0,194.0,194.0,1,48.0,320.12
1,13,7946,2,1001,21,mennesker,"[84, 85, 86, 87, 88, 89, 90, 91, 92]",1.0,135.0,135.0,135.0,135.0,135.0,1,18.0,100.52
1,13,7946,2,1001,22,midt,"[93, 94, 95, 96]",,,,,,,0,,
1,13,7946,2,1001,23,i,[97],0.0,293.0,293.0,293.0,293.0,293.0,1,26.0,237.09
1,13,7946,2,1001,24,en,"[98, 99]",,,,,,,0,,
1,13,7946,2,1001,25,online,"[100, 101, 102, 103, 104, 105]",2.0,145.0,145.0,145.0,145.0,145.0,1,36.0,306.12
1,13,7946,2,1001,26,tid?,"[106, 107, 108, 109]",0.0,190.0,190.0,190.0,190.0,190.0,1,22.0,124.09
1,13,7946,2,1002,27,Jamen,"[110, 111, 112, 113, 114]",,,,,,,0,,
1,13,7946,2,1002,28,så,[115],,,,,,,0,,
1,13,7946,2,1002,29,er,"[117, 118]",,,,,,,0,,
1,13,7946,2,1002,30,det,"[119, 120, 121]",,,,,,,0,,
1,13,7946,2,1002,31,vel,"[122, 123, 124]",2.0,342.0,342.0,342.0,342.0,342.0,1,23.0,127.94
1,13,7946,2,1002,32,fordi,"[125, 126, 127, 128, 129]",4.0,159.0,159.0,159.0,159.0,159.0,1,232.0,266.19
1,13,7946,2,1002,33,–,[],,,,,,,0,,
1,13,7946,2,1002,34,og,"[131, 132]",,,,,,,0,,
1,13,7946,2,1002,35,pardon,"[133, 134, 135, 136, 137, 138]",4.0,264.0,264.0,264.0,264.0,264.0,1,24.0,167.59
1,13,7946,2,1002,36,my,"[139, 140]",,,,,,,0,,
1,13,7946,2,1002,37,french,"[141, 142, 143, 144, 145, 146]",3.0,166.0,166.0,166.0,166.0,166.0,1,30.0,201.85
1,13,7946,2,1002,38,–,[],,,,,,,0,,
1,13,7946,2,1002,39,at,"[148, 149]",,,,,,,0,,
1,13,7946,2,1002,40,det,"[150, 151, 152]",2.0,178.0,178.0,178.0,178.0,178.0,1,15.0,80.45
1,13,7946,2,1002,41,sgu,"[153, 154, 155]",2.0,197.0,197.0,197.0,197.0,197.0,1,85.0,540.18
1,13,7946,2,1002,42,ikke,"[156, 157, 158, 159]",,,,,,,0,,
1,13,7946,2,1002,43,bare,"[160, 161, 162, 163]",0.0,165.0,165.0,165.0,205.0,410.0,2,39.0,325.92
1,13,7946,2,1002,44,er,"[164, 165]",1.0,114.0,114.0,114.0,114.0,114.0,1,25.0,150.19
1,13,7946,2,1002,45,noget,"[166, 167, 168, 169, 170]",,,,,,,0,,
1,13,7946,2,1002,46,middelalderligt,"[171, 172, 173, 174, 175, 176, 177, 178, 179, 180, 181, 182, 183, 184, 185]",6.0,211.0,211.0,632.0,193.5,387.0,2,45.0,349.88
1,13,7946,2,1002,47,pjat,"[186, 187, 188, 189]",,,,,,,0,,
1,13,7946,2,1002,48,med,"[190, 191, 192]",2.0,345.0,345.0,345.0,345.0,345.0,1,37.0,285.02
1,13,7946,2,1002,49,hekse,"[193, 194, 195, 196, 197]",,,,,,,0,,
1,13,7946,2,1002,50,og,"[198, 199]",,,,,,,0,,
1,13,7946,2,1002,51,helgener.,"[200, 201, 202, 203, 204, 205, 206, 207, 208]",5.0,135.0,135.0,135.0,135.0,135.0,1,35.0,284.01
1,13,7946,2,1003,52,Eller,"[209, 210, 211, 212, 213]",,,,,,,0,,
1,13,7946,2,1003,53,vikingetidens,"[214, 215, 216, 217, 218, 219, 220, 221, 222, 223, 224, 225, 226]",8.0,146.0,146.0,146.0,195.0,390.0,2,40.0,305.83
1,13,7946,2,1003,54,Frejakult.,"[227, 228, 229, 230, 231, 232, 233, 234, 235, 236]",6.0,374.0,374.0,374.0,374.0,374.0,1,25.0,236.51
1,13,7946,2,1004,55,Så,[237],,,,,,,0,,
1,13,7946,2,1004,56,er,"[239, 240]",1.0,175.0,175.0,175.0,175.0,175.0,1,88.0,553.39
1,13,7946,2,1004,57,"det,","[241, 242, 243, 244]",,,,,,,0,,
1,13,7946,2,1004,58,fordi,"[245, 246, 247, 248, 249]",3.0,214.0,214.0,214.0,214.0,214.0,1,28.0,263.42
1,13,7946,2,1004,59,det,"[250, 251, 252]",,,,,,,0,,
1,13,7946,2,1004,60,giver,"[253, 254, 255, 256, 257]",,,,,,,0,,
1,13,7946,2,1004,61,mening.,"[258, 259, 260, 261, 262, 263, 264]",1.0,201.0,201.0,201.0,201.0,201.0,1,38.0,308.88
1,13,7946,2,1005,62,Så,[265],,,,,,,0,,
1,13,7946,2,1005,63,vil,"[267, 268, 269]",2.0,144.0,144.0,144.0,144.0,144.0,1,53.0,334.75
1,13,7946,2,1005,64,jeg,"[270, 271, 272]",,,,,,,0,,
1,13,7946,2,1005,65,gætte,"[273, 275, 276, 277]",0.0,175.0,175.0,175.0,175.0,175.0,1,22.0,142.72
1,13,7946,2,1005,66,"på,","[278, 280]",1.0,155.0,155.0,155.0,155.0,155.0,1,24.0,170.6
1,13,7946,2,1005,67,at,"[281, 282]",,,,,,,0,,
1,13,7946,2,1005,68,I,[283],,,,,,,0,,
1,13,7946,2,1005,69,er,"[284, 285]",,,,,,,0,,
1,13,7946,2,1005,70,"kommet,","[286, 287, 288, 289, 290, 291, 292]",1.0,335.0,335.0,335.0,335.0,335.0,1,24.0,191.5
1,13,7946,2,1005,71,fordi,"[293, 294, 295, 296, 297]",4.0,109.0,109.0,109.0,109.0,109.0,1,47.0,322.87
1,13,7946,2,1005,72,midsommerfælleskabet,"[298, 299, 300, 301, 302, 303, 304, 305, 306, 307, 309, 310, 311, 312, 313, 314, 315, 316, 317]",6.0,254.0,254.0,254.0,254.0,254.0,1,25.0,207.36
1,13,7946,2,1005,73,og,"[318, 319]",,,,,,,0,,
1,13,7946,2,1005,74,det,"[320, 321, 322]",2.0,167.0,167.0,167.0,167.0,167.0,1,83.0,540.69
1,13,7946,2,1005,75,store,"[323, 324, 325, 326, 327]",4.0,170.0,170.0,170.0,170.0,170.0,1,48.0,375.69
1,13,7946,2,1005,76,bål,"[328, 330]",,,,,,,0,,
1,13,7946,2,1005,77,på,[331],,,,,,,0,,
1,13,7946,2,1005,78,en,"[333, 334]",0.0,151.0,151.0,151.0,151.0,151.0,1,23.0,165.65
1,13,7946,2,1005,79,eller,"[335, 336, 337, 338, 339]",,,,,,,0,,
1,13,7946,2,1005,80,anden,"[340, 341, 342, 343, 344]",,,,,,,0,,
1,13,7946,2,1005,81,måde,"[345, 347, 348]",,,,,,,0,,
1,13,7946,2,1005,82,siger,"[349, 350, 351, 352, 353]",,,,,,,0,,
1,13,7946,2,1005,83,noget,"[354, 355, 356, 357, 358]",3.0,177.0,177.0,177.0,177.0,177.0,1,20.0,119.61
1,13,7946,2,1005,84,for,"[359, 360, 361]",,,,,,,0,,
1,13,7946,2,1005,85,"jer,","[362, 363, 364, 365]",1.0,129.0,129.0,129.0,129.0,129.0,1,49.0,441.52
1,13,7946,2,1005,86,ligesom,"[366, 367, 368, 369, 370, 371, 372]",,,,,,,0,,
1,13,7946,2,1005,87,det,"[373, 374, 375]",2.0,397.0,397.0,397.0,397.0,397.0,1,,
1,13,7946,2,1005,88,siger,"[376, 377, 378, 379, 380]",,,,,,,0,,
1,13,7946,2,1005,89,mig,"[381, 382, 383]",,,,,,,0,,
1,13,7946,2,1005,90,noget.,"[384, 385, 386, 387, 388, 389]",,,,,,,0,,
1,14,7946,3,1006,0,At,"[1, 2]",,,,,,,0,,
1,14,7946,3,1006,1,stå,"[3, 4]",1.0,141.0,141.0,141.0,141.0,141.0,1,36.0,252.7
1,14,7946,3,1006,2,her,"[6, 7, 8]",0.0,152.0,152.0,152.0,152.0,152.0,1,17.0,71.24
1,14,7946,3,1006,3,i,[9],,,,,,,0,,
1,14,7946,3,1006,4,midsommernatten.,"[10, 11, 12, 13, 14, 15, 16, 17, 18, 19, 20, 21, 22, 23, 24, 25]",7.0,164.0,164.0,164.0,164.0,164.0,1,32.0,292.09
1,14,7946,3,1007,5,Og,"[26, 27]",,,,,,,0,,
1,14,7946,3,1007,6,være,"[28, 30, 31]",2.0,336.0,336.0,336.0,336.0,336.0,1,20.0,107.81
1,14,7946,3,1007,7,fælles.,"[32, 34, 35, 36, 37, 38]",2.0,184.0,184.0,184.0,184.0,184.0,1,26.0,227.44
1,14,7946,3,1008,8,Om,"[39, 40]",,,,,,,0,,
1,14,7946,3,1008,9,lyset.,"[41, 42, 43, 44, 45, 46]",3.0,254.0,405.0,405.0,202.5,405.0,2,24.0,230.2
1,14,7946,3,1009,10,Om,"[47, 48]",,,,,,,0,,
1,14,7946,3,1009,11,varmen.,"[49, 50, 51, 52, 53, 54, 55]",3.0,293.0,293.0,293.0,293.0,293.0,1,28.0,203.07
1,14,7946,3,1010,12,Om,"[56, 57]",,,,,,,0,,
1,14,7946,3,1010,13,sundet,"[58, 59, 60, 61, 62, 63]",4.0,211.0,211.0,211.0,211.0,211.0,1,28.0,177.55
1,14,7946,3,1010,14,og,"[64, 65]",,,,,,,0,,
1,14,7946,3,1010,15,Kronborg.,"[66, 67, 68, 69, 70, 71, 72, 73, 74]",5.0,139.0,258.0,258.0,129.0,258.0,2,88.0,263.44
1,14,7946,3,1011,16,Om,"[75, 76]",1.0,121.0,121.0,121.0,121.0,121.0,1,83.0,554.82
1,14,7946,3,1011,17,fællesskabet.,"[77, 79, 80, 81, 82, 83, 84, 85, 86, 87, 88, 89]",7.0,239.0,239.0,239.0,189.0,378.0,2,47.5,292.53
1,14,7946,3,1012,18,Selv,"[90, 91, 92, 93]",3.0,172.0,172.0,172.0,172.0,172.0,1,36.0,281.99
1,14,7946,3,1012,19,med,"[94, 95, 96]",,,,,,,0,,
1,14,7946,3,1012,20,svenskerne,"[97, 98, 99, 100, 101, 102, 103, 104, 105, 106]",0.0,145.0,145.0,317.0,190.4,952.0,5,226.4,660.8
1,14,7946,3,1012,21,derovre,"[107, 108, 109, 110, 111, 112, 113]",0.0,260.0,377.0,377.0,199.5,1197.0,6,61.666666666666664,335.81
1,14,7946,3,1012,22,på,[114],0.0,217.0,217.0,217.0,217.0,217.0,1,41.0,255.85
1,14,7946,3,1012,23,den,"[116, 117, 118]",0.0,188.0,188.0,188.0,188.0,188.0,1,30.0,208.25
1,14,7946,3,1012,24,anden,"[119, 120, 121, 122, 123]",,,,,,,0,,
1,14,7946,3,1012,25,side.,"[124, 125, 126, 127, 128]",,,,,,,0,,
1,14,7946,3,1013,26,Fælles,"[129, 131, 132, 133, 134]",0.0,141.0,141.0,141.0,141.0,141.0,1,24.0,179.54
1,14,7946,3,1013,27,om,"[135, 136]",1.0,294.0,294.0,294.0,294.0,294.0,1,24.0,129.12
1,14,7946,3,1013,28,ilden.,"[137, 138, 139, 140, 141, 142]",4.0,231.0,231.0,231.0,231.0,231.0,1,32.0,198.76
1,14,7946,3,1014,29,Om,"[143, 144]",,,,,,,0,,
1,14,7946,3,1014,30,jorden,"[145, 146, 147, 148, 149, 150]",5.0,336.0,336.0,336.0,336.0,336.0,1,27.0,179.3
1,14,7946,3,1014,31,og,"[151, 152]",,,,,,,0,,
1,14,7946,3,1014,32,"havet,","[153, 154, 155, 156, 157, 158]",4.0,150.0,150.0,150.0,150.0,150.0,1,83.0,552.69
1,14,7946,3,1014,33,der,"[159, 160, 161]",,,,,,,0,,
1,14,7946,3,1014,34,omgiver,"[162, 163, 164, 165, 166, 167, 168]",5.0,186.0,186.0,186.0,186.0,186.0,1,49.0,218.17
1,14,7946,3,1014,35,vores,"[169, 170, 171, 172, 173]",,,,,,,0,,
1,14,7946,3,1014,36,lille,"[174, 175, 176, 177, 178]",,,,,,,0,,
1,14,7946,3,1014,37,ø,[],,,,,,,0,,
1,14,7946,3,1014,38,Sjælland.,"[180, 181, 183, 184, 185, 186, 187, 188]",4.0,123.0,123.0,123.0,123.0,123.0,1,26.0,166.84
1,14,7946,3,1015,39,Om,"[189, 190]",,,,,,,0,,
1,14,7946,3,1015,40,dyrene,"[191, 192, 193, 194, 195, 196]",0.0,173.0,173.0,173.0,173.0,173.0,1,27.0,205.92
1,14,7946,3,1015,41,og,"[197, 198]",,,,,,,0,,
1,14,7946,3,1015,42,hinanden.,"[199, 200, 201, 202, 203, 204, 205, 206, 207]",0.0,170.0,170.0,170.0,170.0,170.0,1,24.0,191.17
1,14,7946,3,1016,43,Fælles,"[208, 210, 211, 212, 213]",4.0,257.0,257.0,257.0,257.0,257.0,1,37.0,203.28
1,14,7946,3,1016,44,om,"[214, 215]",0.0,267.0,267.0,267.0,267.0,267.0,1,18.0,83.83
1,14,7946,3,1016,45,fred,"[216, 217, 218, 219]",3.0,194.0,194.0,194.0,194.0,194.0,1,34.0,234.14
1,14,7946,3,1016,46,og,"[220, 221]",,,,,,,0,,
1,14,7946,3,1016,47,de,"[222, 223]",0.0,163.0,163.0,163.0,163.0,163.0,1,30.0,120.02
1,14,7946,3,1016,48,elementer,"[224, 225, 226, 227, 228, 229, 230, 231, 232]",6.0,175.0,470.0,470.0,163.0,652.0,4,45.0,552.06
1,14,7946,3,1016,49,og,"[233, 234]",,,,,,,0,,
1,14,7946,3,1016,50,"mineraler,","[235, 236, 237, 238, 239, 240, 241, 242, 243, 244]",3.0,183.0,183.0,183.0,183.0,183.0,1,74.0,545.41
1,14,7946,3,1016,51,der,"[245, 246, 247]",0.0,119.0,119.0,644.0,139.5,279.0,2,24.5,244.88
1,14,7946,3,1016,52,forbinder,"[248, 249, 250, 251, 252, 253, 254, 255, 256]",8.0,167.0,167.0,167.0,167.0,167.0,1,44.0,293.05
1,14,7946,3,1016,53,os.,"[257, 258, 259]",,,,,,,0,,
1,14,7946,3,1017,54,Om,"[260, 261]",,,,,,,0,,
1,14,7946,3,1017,55,"kvantepartiklerne,","[262, 263, 264, 265, 266, 267, 268, 269, 270, 271, 272, 273, 274, 275, 276, 277, 278, 279]",7.0,121.0,391.0,391.0,130.33333333333334,391.0,3,70.0,330.97
1,14,7946,3,1017,56,som,"[280, 281, 282]",,,,,,,0,,
1,14,7946,3,1017,57,er,"[283, 284]",,,,,,,0,,
1,14,7946,3,1017,58,inden,"[285, 286, 287, 288, 289]",2.0,256.0,256.0,256.0,256.0,256.0,1,25.0,201.97
1,14,7946,3,1017,59,i,[290],,,,,,,0,,
1,14,7946,3,1017,60,os,"[291, 292]",,,,,,,0,,
1,14,7946,3,1017,61,og,"[293, 294]",1.0,200.0,200.0,200.0,200.0,200.0,1,28.0,199.88
1,14,7946,3,1017,62,millioner,"[295, 296, 297, 298, 299, 300, 301, 302, 303]",8.0,231.0,231.0,231.0,176.5,353.0,2,56.0,528.31
1,14,7946,3,1017,63,af,"[304, 305]",,,,,,,0,,
1,14,7946,3,1017,64,kilometer,"[306, 307, 308, 309, 310, 311, 312, 313, 314]",8.0,228.0,228.0,228.0,228.0,228.0,1,26.0,269.1
1,14,7946,3,1017,65,"væk,","[315, 317, 318]",,,,,,,0,,
1,14,7946,3,1017,66,og,"[319, 320]",,,,,,,0,,
1,14,7946,3,1017,67,dog,"[321, 322, 323]",2.0,304.0,304.0,304.0,304.0,304.0,1,29.0,244.58
1,14,7946,3,1017,68,er,"[324, 325]",,,,,,,0,,
1,14,7946,3,1017,69,forbundne.,"[326, 327, 328, 329, 330, 331, 332, 333, 334, 335]",7.0,120.0,120.0,120.0,120.0,120.0,1,136.0,294.6
1,14,7946,3,1018,70,Om,"[336, 337]",,,,,,,0,,
1,14,7946,3,1018,71,"demokratiet,","[338, 339, 340, 341, 342, 343, 344, 345, 346, 347, 348, 349]",7.0,142.0,319.0,319.0,159.5,319.0,2,35.0,311.5
1,14,7946,3,1018,72,som,"[350, 351, 352]",,,,,,,0,,
1,14,7946,3,1018,73,vi,"[353, 354]",,,,,,,0,,
1,14,7946,3,1018,74,netop,"[355, 356, 357, 358, 359]",3.0,220.0,405.0,405.0,202.5,405.0,2,22.0,202.45
1,14,7946,3,1018,75,igen,"[360, 361, 362, 363]",3.0,146.0,146.0,146.0,149.25,597.0,4,42.5,561.58
1,14,7946,3,1018,76,for,"[364, 365, 366]",2.0,246.0,246.0,246.0,246.0,246.0,1,22.0,142.6
1,14,7946,3,1018,77,få,[367],0.0,204.0,204.0,204.0,204.0,204.0,1,23.0,144.16
1,14,7946,3,1018,78,uger,"[369, 370, 371, 372]",3.0,154.0,154.0,285.0,171.0,342.0,2,26.5,271.59
1,14,7946,3,1018,79,siden,"[373, 374, 375, 376, 377]",4.0,150.0,150.0,150.0,150.0,150.0,1,33.0,270.98
1,14,7946,3,1018,80,har,"[378, 379, 380]",,,,,,,0,,
1,14,7946,3,1018,81,"fejret,","[381, 382, 383, 384, 385, 386, 387]",1.0,403.0,403.0,1268.0,278.0,556.0,2,36.0,362.04
1,14,7946,3,1018,82,uanset,"[388, 389, 390, 391, 392, 393]",5.0,101.0,101.0,101.0,101.0,101.0,1,23.0,134.05
1,14,7946,3,1018,83,om,"[394, 395]",,,,,,,0,,
1,14,7946,3,1018,84,vi,"[396, 397]",,,,,,,0,,
1,14,7946,3,1018,85,er,"[398, 399]",0.0,151.0,151.0,151.0,151.0,151.0,1,85.0,565.69
1,14,7946,3,1018,86,tilfredse,"[400, 401, 402, 403, 404, 405, 406, 407, 408]",3.0,115.0,115.0,115.0,115.0,115.0,1,36.0,310.25
1,14,7946,3,1018,87,med,"[409, 410, 411]",0.0,126.0,126.0,126.0,126.0,126.0,1,28.0,142.59
1,14,7946,3,1018,88,udfaldet,"[412, 413, 414, 415, 416, 417, 418, 419]",,,,,,,0,,
1,14,7946,3,1018,89,eller,"[420, 421, 422, 423, 424]",0.0,346.0,346.0,346.0,346.0,346.0,1,33.0,271.16
1,14,7946,3,1018,90,ej.,"[425, 426, 427]",,,,,,,0,,
1,14,7946,3,1019,91,Fælles,"[428, 430, 431, 432, 433]",4.0,166.0,166.0,166.0,166.0,166.0,1,27.0,206.32
1,14,7946,3,1019,92,om,"[434, 435]",0.0,364.0,364.0,364.0,364.0,364.0,1,23.0,138.07
1,14,7946,3,1019,93,vor,"[436, 437, 438]",1.0,177.0,177.0,177.0,177.0,177.0,1,22.0,132.72
1,14,7946,3,1019,94,historie.,"[439, 440, 441, 442, 443, 444, 445, 446, 447]",4.0,182.0,182.0,1570.0,205.8,1029.0,5,48.6,291.49
1,14,7946,3,1020,95,Som,"[448, 449, 450]",,,,,,,0,,
1,14,7946,3,1020,96,vore,"[451, 452, 453, 454]",2.0,220.0,220.0,220.0,220.0,220.0,1,26.0,179.59
1,14,7946,3,1020,97,forfædre,"[455, 456, 457, 458, 460, 461, 462]",0.0,154.0,154.0,552.0,166.0,332.0,2,27.0,212.45
1,14,7946,3,1020,98,har,"[463, 464, 465]",,,,,,,0,,
1,14,7946,3,1020,99,bygget,"[466, 467, 468, 469, 470, 471]",5.0,175.0,175.0,175.0,175.0,175.0,1,29.0,206.27
1,14,7946,3,1020,100,til,"[472, 473, 474]",,,,,,,0,,
1,14,7946,3,1020,101,os.,"[475, 476, 477]",,,,,,,0,,
1,14,7946,3,1021,102,I,[478],,,,,,,0,,
1,14,7946,3,1021,103,form,"[479, 480, 481, 482]",1.0,153.0,153.0,153.0,153.0,153.0,1,19.0,97.85
1,14,7946,3,1021,104,af,"[483, 484]",,,,,,,0,,
1,14,7946,3,1021,105,murstene,"[485, 486, 487, 488, 489, 490, 491, 492]",5.0,280.0,280.0,280.0,280.0,280.0,1,31.0,171.14
1,14,7946,3,1021,106,som,"[493, 494, 495]",,,,,,,0,,
1,14,7946,3,1021,107,slottet,"[496, 497, 498, 499, 500, 501, 502]",4.0,213.0,213.0,213.0,213.0,213.0,1,35.0,233.89
1,14,7946,3,1021,108,bagved,"[503, 504, 505, 506, 507, 508]",0.0,167.0,317.0,317.0,158.5,317.0,2,37.5,292.78
1,14,7946,3,1021,109,mig.,"[509, 510, 511, 512]",2.0,111.0,111.0,111.0,111.0,111.0,1,37.0,237.4
1,14,7946,3,1022,110,Hvor,"[513, 514, 515, 516]",3.0,174.0,174.0,174.0,174.0,174.0,1,42.0,285.04
1,14,7946,3,1022,111,en,"[517, 518]",,,,,,,0,,
1,14,7946,3,1022,112,konge,"[519, 520, 521, 522, 523]",3.0,144.0,144.0,144.0,144.0,144.0,1,23.0,168.1
1,14,7946,3,1022,113,ved,"[524, 525, 526]",,,,,,,0,,
1,14,7946,3,1022,114,navn,"[527, 528, 529, 530]",2.0,202.0,202.0,202.0,202.0,202.0,1,25.0,193.71
1,14,7946,3,1022,115,Christian,"[531, 532, 533, 534, 535, 536, 537, 538, 539]",2.0,177.0,177.0,607.0,202.5,405.0,2,28.5,190.78
1,14,7946,3,1022,116,holdt,"[540, 541, 542, 543, 544]",1.0,118.0,118.0,118.0,118.0,118.0,1,54.0,446.0
1,14,7946,3,1022,117,sin,"[545, 546, 547]",1.0,147.0,147.0,147.0,167.0,334.0,2,33.0,163.61
1,14,7946,3,1022,118,kroningsfest.,"[548, 549, 550, 551, 552, 553, 554, 555, 556, 557, 558, 559, 560]",7.0,252.0,252.0,1396.0,258.0,774.0,3,45.666666666666664,489.11
1,15,7946,4,1023,0,Og,"[1, 2]",,,,,,,0,,
1,15,7946,4,1023,1,en,"[3, 4]",0.0,147.0,147.0,147.0,147.0,147.0,1,48.0,283.11
1,15,7946,4,1023,2,flok,"[5, 6, 7, 8]",2.0,114.0,114.0,114.0,114.0,114.0,1,24.0,138.64
1,15,7946,4,1023,3,engelske,"[9, 10, 11, 12, 13, 14, 15, 16]",4.0,204.0,204.0,204.0,240.33333333333334,721.0,3,43.333333333333336,390.45
1,15,7946,4,1023,4,skuespillere,"[17, 18, 19, 20, 21, 22, 23, 24, 25, 26, 27, 28]",1.0,162.0,162.0,162.0,162.0,162.0,1,25.0,155.97
1,15,7946,4,1023,5,optrådte,"[29, 30, 31, 32, 34, 35, 36]",,,,,,,0,,
1,15,7946,4,1023,6,og,"[37, 38]",,,,,,,0,,
1,15,7946,4,1023,7,fortalte,"[39, 40, 41, 42, 43, 44, 45, 46]",3.0,184.0,184.0,184.0,177.5,710.0,4,32.5,350.23
1,15,7946,4,1023,8,om,"[47, 48]",0.0,236.0,236.0,236.0,204.0,612.0,3,32.666666666666664,315.23
1,15,7946,4,1023,9,"derhjemme,","[49, 50, 51, 52, 53, 54, 55, 56, 57, 58]",,,,,,,0,,
1,15,7946,4,1023,10,som,"[59, 60, 61]",,,,,,,0,,
1,15,7946,4,1023,11,blandet,"[62, 63, 64, 65, 66, 67, 68]",4.0,338.0,338.0,890.0,225.4,1127.0,5,44.2,509.1
1,15,7946,4,1023,12,med,"[69, 70, 71]",0.0,164.0,164.0,164.0,164.0,164.0,1,24.0,144.97
1,15,7946,4,1023,13,Saxos,"[72, 73, 74, 75, 76]",1.0,162.0,162.0,162.0,190.5,381.0,2,78.0,557.19
1,15,7946,4,1023,14,fortællinger,"[77, 78, 79, 80, 82, 83, 84, 85, 86, 87, 88]",7.0,191.0,191.0,191.0,191.0,191.0,1,48.0,296.48
1,15,7946,4,1023,15,om,"[89, 90]",1.0,178.0,178.0,178.0,178.0,178.0,1,51.0,369.9
1,15,7946,4,1023,16,en,"[91, 92]",,,,,,,0,,
1,15,7946,4,1023,17,dansk,"[93, 94, 95, 96, 97]",0.0,204.0,204.0,204.0,204.0,204.0,1,23.0,142.26
1,15,7946,4,1023,18,"prins,","[98, 99, 100, 101, 102, 103]",1.0,292.0,292.0,292.0,292.0,292.0,1,32.0,194.54
1,15,7946,4,1023,19,et,"[104, 105]",1.0,153.0,153.0,153.0,153.0,153.0,1,48.0,272.22
1,15,7946,4,1023,20,engelsk,"[106, 107, 108, 109, 110, 111, 112]",3.0,300.0,300.0,453.0,249.5,499.0,2,29.0,234.93
1,15,7946,4,1023,21,hævndrama,"[113, 115, 116, 117, 118, 119, 120, 121]",5.0,191.0,191.0,191.0,274.5,549.0,2,36.5,270.85
1,15,7946,4,1023,22,om,"[122, 123]",,,,,,,0,,
1,15,7946,4,1023,23,en,"[124, 125]",,,,,,,0,,
1,15,7946,4,1023,24,spansk,"[126, 127, 128, 129, 130, 131]",0.0,230.0,230.0,230.0,230.0,230.0,1,40.0,327.35
1,15,7946,4,1023,25,"tragedie,","[132, 133, 134, 135, 136, 137, 138, 139, 140]",0.0,124.0,124.0,354.0,170.0,340.0,2,32.0,228.08
1,15,7946,4,1023,26,og,"[141, 142]",,,,,,,0,,
1,15,7946,4,1023,27,en,"[143, 144]",,,,,,,0,,
1,15,7946,4,1023,28,vis,"[145, 146, 147]",0.0,245.0,245.0,245.0,245.0,245.0,1,23.0,146.34
1,15,7946,4,1023,29,forfatters,"[148, 149, 150, 151, 152, 153, 154, 155, 156, 157]",1.0,250.0,478.0,478.0,239.0,478.0,2,53.5,517.72
1,15,7946,4,1023,30,søns,"[158, 160, 161]",1.0,175.0,175.0,175.0,175.0,175.0,1,41.0,270.46
1,15,7946,4,1023,31,og,"[162, 163]",,,,,,,0,,
1,15,7946,4,1023,32,faders,"[164, 165, 166, 167, 168, 169]",3.0,162.0,162.0,162.0,162.0,162.0,1,31.0,185.31
1,15,7946,4,1023,33,død,"[170, 172]",,,,,,,0,,
1,15,7946,4,1023,34,blev,"[173, 174, 175, 176]",0.0,205.0,205.0,205.0,205.0,205.0,1,22.0,158.05
1,15,7946,4,1023,35,til,"[177, 178, 179]",1.0,175.0,175.0,175.0,173.5,347.0,2,31.5,249.82
1,15,7946,4,1023,36,en,"[180, 181]",1.0,137.0,137.0,137.0,137.0,137.0,1,21.0,114.48
1,15,7946,4,1023,37,af,"[182, 183]",0.0,111.0,111.0,111.0,111.0,111.0,1,139.0,305.67
1,15,7946,4,1023,38,de,"[184, 185]",,,,,,,0,,
1,15,7946,4,1023,39,største,"[186, 187, 189, 190, 191, 192]",4.0,125.0,125.0,125.0,125.0,125.0,1,42.0,321.95
1,15,7946,4,1023,40,fortællinger,"[193, 194, 195, 196, 198, 199, 200, 201, 202, 203, 204]",,,,,,,0,,
1,15,7946,4,1023,41,om,"[205, 206]",,,,,,,0,,
1,15,7946,4,1023,42,os,"[207, 208]",1.0,117.0,117.0,117.0,117.0,117.0,1,38.0,281.09
1,15,7946,4,1023,43,"nogensinde,","[209, 210, 211, 212, 213, 214, 215, 216, 217, 218, 219]",2.0,197.0,197.0,197.0,197.0,197.0,1,19.0,108.92
1,15,7946,4,1023,44,ikke,"[220, 221, 222, 223]",,,,,,,0,,
1,15,7946,4,1023,45,bare,"[224, 225, 226, 227]",0.0,232.0,232.0,232.0,232.0,232.0,1,22.0,136.19
1,15,7946,4,1023,46,som,"[228, 229, 230]",2.0,166.0,166.0,166.0,194.0,388.0,2,21.5,131.75
1,15,7946,4,1023,47,"danskere,","[231, 232, 233, 234, 235, 236, 237, 238, 239]",4.0,233.0,512.0,512.0,209.33333333333334,628.0,3,54.333333333333336,383.48
1,15,7946,4,1023,48,men,"[240, 241, 242]",,,,,,,0,,
1,15,7946,4,1023,49,som,"[243, 244, 245]",0.0,202.0,202.0,202.0,202.0,202.0,1,26.0,178.43
1,15,7946,4,1023,50,"mennesker,","[246, 247, 248, 249, 250, 251, 252, 253, 254, 255]",6.0,108.0,108.0,446.0,122.0,244.0,2,40.0,296.45
1,15,7946,4,1023,51,om,"[256, 257]",,,,,,,0,,
1,15,7946,4,1023,52,hvad,"[258, 259, 260, 261]",1.0,411.0,411.0,411.0,411.0,411.0,1,36.0,233.72
1,15,7946,4,1023,53,det,"[262, 263, 264]",1.0,196.0,196.0,196.0,196.0,196.0,1,44.0,163.72
1,15,7946,4,1023,54,er,"[265, 266]",,,,,,,0,,
1,15,7946,4,1023,55,at,"[267, 268]",1.0,241.0,241.0,241.0,241.0,241.0,1,26.0,203.69
1,15,7946,4,1023,56,være,"[269, 271, 272]",2.0,142.0,142.0,142.0,142.0,142.0,1,35.0,297.0
1,15,7946,4,1023,57,"menneske,","[273, 274, 275, 276, 277, 278, 279, 280, 281]",,,,,,,0,,
1,15,7946,4,1023,58,på,[282],,,,,,,0,,
1,15,7946,4,1023,59,trods,"[284, 285, 286, 287, 288]",,,,,,,0,,
1,15,7946,4,1023,60,af,"[289, 290]",,,,,,,0,,
1,15,7946,4,1023,61,at,"[291, 292]",0.0,117.0,117.0,117.0,117.0,117.0,1,28.0,213.41
1,15,7946,4,1023,62,forfatteren,"[293, 294, 295, 296, 297, 298, 299, 300, 301, 302, 303]",8.0,204.0,204.0,204.0,204.0,204.0,1,33.0,241.03
1,15,7946,4,1023,63,efter,"[304, 305, 306, 307, 308]",,,,,,,0,,
1,15,7946,4,1023,64,sigende,"[309, 310, 311, 312, 313, 314, 315]",4.0,230.0,602.0,602.0,200.66666666666666,602.0,3,24.333333333333332,143.89
1,15,7946,4,1023,65,aldrig,"[316, 317, 318, 319, 320, 321]",5.0,244.0,356.0,356.0,178.0,356.0,2,51.5,561.32
1,15,7946,4,1023,66,selv,"[322, 323, 324, 325]",,,,,,,0,,
1,15,7946,4,1023,67,befandt,"[326, 327, 328, 329, 330, 331, 332]",0.0,360.0,548.0,548.0,274.0,548.0,2,33.0,273.5
1,15,7946,4,1023,68,sig,"[333, 334, 335]",,,,,,,0,,
1,15,7946,4,1023,69,på,[336],,,,,,,0,,
1,15,7946,4,1023,70,denne,"[338, 339, 340, 341, 342]",4.0,189.0,189.0,189.0,189.0,189.0,1,24.0,153.69
1,15,7946,4,1023,71,kyst.,"[343, 344, 345, 346, 347]",,,,,,,0,,
1,15,7946,4,1024,72,Fælles,"[348, 350, 351, 352, 353]",3.0,285.0,285.0,285.0,223.5,447.0,2,31.0,239.99
1,15,7946,4,1024,73,er,"[354, 355]",,,,,,,0,,
1,15,7946,4,1024,74,vi,"[356, 357]",0.0,163.0,163.0,163.0,163.0,163.0,1,20.0,123.76
1,15,7946,4,1024,75,også,"[358, 359, 360]",,,,,,,0,,
1,15,7946,4,1024,76,om,"[362, 363]",1.0,152.0,152.0,152.0,152.0,152.0,1,64.0,444.38
1,15,7946,4,1024,77,de,"[364, 365]",,,,,,,0,,
1,15,7946,4,1024,78,"fortællinger,","[366, 367, 368, 369, 371, 372, 373, 374, 375, 376, 377, 378]",0.0,159.0,496.0,496.0,165.33333333333334,496.0,3,27.0,187.35
1,15,7946,4,1024,79,der,"[379, 380, 381]",,,,,,,0,,
1,15,7946,4,1024,80,har,"[382, 383, 384]",,,,,,,0,,
1,15,7946,4,1024,81,skabt,"[385, 386, 387, 388, 389]",3.0,250.0,250.0,250.0,250.0,250.0,1,39.0,248.52
1,15,7946,4,1024,82,denne,"[390, 391, 392, 393, 394]",,,,,,,0,,
1,15,7946,4,1024,83,aften.,"[395, 396, 397, 398, 399, 400]",,,,,,,0,,
1,15,7946,4,1025,84,Om,"[401, 402]",1.0,178.0,178.0,178.0,178.0,178.0,1,85.0,570.76
1,15,7946,4,1025,85,"Lysfester,","[403, 404, 405, 406, 407, 408, 409, 410, 411, 412]",7.0,156.0,400.0,400.0,200.0,400.0,2,34.0,349.61
1,15,7946,4,1025,86,der,"[413, 414, 415]",,,,,,,0,,
1,15,7946,4,1025,87,skulle,"[416, 417, 418, 419, 420, 421]",,,,,,,0,,
1,15,7946,4,1025,88,holde,"[422, 423, 424, 425, 426]",1.0,247.0,247.0,247.0,247.0,247.0,1,28.0,262.45
1,15,7946,4,1025,89,ondskaben,"[427, 428, 429, 430, 431, 432, 433, 434, 435]",7.0,262.0,262.0,262.0,262.0,262.0,1,21.0,91.19
1,15,7946,4,1025,90,ude.,"[436, 437, 438, 439]",,,,,,,0,,
1,15,7946,4,1026,91,Om,"[440, 441]",,,,,,,0,,
1,15,7946,4,1026,92,trolde,"[442, 443, 444, 445, 446, 447]",2.0,434.0,434.0,434.0,291.5,583.0,2,100.0,331.22
1,15,7946,4,1026,93,og,"[448, 449]",,,,,,,0,,
1,15,7946,4,1026,94,"hekse,","[450, 451, 452, 453, 454, 455]",1.0,212.0,443.0,443.0,214.0,856.0,4,29.75,313.38
1,15,7946,4,1026,95,dæmoner.,"[456, 458, 459, 460, 461, 462, 463]",3.0,173.0,173.0,523.0,146.5,293.0,2,41.5,387.49
1,16,7946,5,1027,0,"Solhversfesten,","[1, 2, 3, 4, 5, 6, 7, 8, 9, 10, 11, 12, 13, 14, 15]",4.0,254.0,254.0,254.0,254.0,254.0,1,48.0,264.45
1,16,7946,5,1027,1,der,"[16, 17, 18]",,,,,,,0,,
1,16,7946,5,1027,2,overtog,"[19, 20, 21, 22, 23, 24, 25]",3.0,137.0,137.0,137.0,141.5,283.0,2,40.0,392.53
1,16,7946,5,1027,3,Valborgsnatten.,"[26, 27, 28, 29, 30, 31, 32, 33, 34, 35, 36, 37, 38, 39, 40]",5.0,170.0,306.0,306.0,153.0,306.0,2,24.5,171.41
1,16,7946,5,1028,4,Hvor,"[41, 42, 43, 44]",,,,,,,0,,
1,16,7946,5,1028,5,mænd,"[45, 47, 48]",1.0,188.0,188.0,188.0,188.0,188.0,1,36.0,188.24
1,16,7946,5,1028,6,og,"[49, 50]",,,,,,,0,,
1,16,7946,5,1028,7,kvinder,"[51, 52, 53, 54, 55, 56, 57]",6.0,221.0,221.0,221.0,221.0,221.0,1,24.0,166.1
1,16,7946,5,1028,8,drak,"[58, 59, 60, 61]",,,,,,,0,,
1,16,7946,5,1028,9,snaps,"[62, 63, 64, 65, 66]",1.0,176.0,176.0,176.0,176.0,176.0,1,38.0,198.84
1,16,7946,5,1028,10,til,"[67, 68, 69]",,,,,,,0,,
1,16,7946,5,1028,11,de,"[70, 71]",,,,,,,0,,
1,16,7946,5,1028,12,segnede.,"[72, 73, 74, 75, 76, 77, 78, 79]",2.0,258.0,258.0,258.0,258.0,258.0,1,31.0,181.65
1,16,7946,5,1029,13,Og,"[80, 81]",,,,,,,0,,
1,16,7946,5,1029,14,de,"[82, 83]",0.0,133.0,133.0,133.0,133.0,133.0,1,84.0,553.12
1,16,7946,5,1029,15,unger,"[84, 85, 86, 87, 88]",3.0,139.0,139.0,139.0,164.5,329.0,2,48.0,287.48
1,16,7946,5,1029,16,piger,"[89, 90, 91, 92, 93]",4.0,139.0,139.0,278.0,136.5,273.0,2,22.0,124.85
1,16,7946,5,1029,17,skulle,"[94, 95, 96, 97, 98, 99]",,,,,,,0,,
1,16,7946,5,1029,18,vogte,"[100, 101, 102, 103, 104]",2.0,241.0,241.0,1095.0,257.0,771.0,3,31.0,237.69
1,16,7946,5,1029,19,sig,"[105, 106, 107]",2.0,326.0,326.0,326.0,326.0,326.0,1,26.0,168.15
1,16,7946,5,1029,20,for,"[108, 109, 110]",,,,,,,0,,
1,16,7946,5,1029,21,Sankthansormen.,"[111, 112, 113, 114, 115, 116, 117, 118, 119, 120, 121, 122, 123, 124, 125]",3.0,105.0,247.0,247.0,131.66666666666666,395.0,3,68.33333333333333,342.32
1,16,7946,5,1030,22,For,"[126, 127, 128]",2.0,189.0,189.0,189.0,189.0,189.0,1,26.0,173.94
1,16,7946,5,1030,23,den,"[129, 130, 131]",,,,,,,0,,
1,16,7946,5,1030,24,kunne,"[132, 133, 134, 135, 136]",0.0,266.0,266.0,266.0,218.0,436.0,2,27.5,202.14
1,16,7946,5,1030,25,man,"[137, 138, 139]",,,,,,,0,,
1,16,7946,5,1030,26,nemlig,"[140, 141, 142, 143, 144, 145]",0.0,215.0,215.0,872.0,227.33333333333334,682.0,3,32.666666666666664,283.43
1,16,7946,5,1030,27,blive,"[146, 147, 148, 149, 150]",,,,,,,0,,
1,16,7946,5,1030,28,gravid,"[151, 152, 153, 154, 155, 156]",0.0,217.0,217.0,217.0,217.0,217.0,1,25.0,209.71
1,16,7946,5,1030,29,af.,"[157, 158, 159]",,,,,,,0,,
1,16,7946,5,1031,30,Fælles,"[160, 162, 163, 164, 165]",0.0,142.0,358.0,358.0,179.0,358.0,2,19.5,109.16
1,16,7946,5,1031,31,er,"[166, 167]",0.0,203.0,317.0,317.0,158.5,317.0,2,50.0,541.83
1,16,7946,5,1031,32,vi,"[168, 169]",,,,,,,0,,
1,16,7946,5,1031,33,også,"[170, 171, 172]",0.0,306.0,306.0,306.0,306.0,306.0,1,23.0,149.94
1,16,7946,5,1031,34,om,"[174, 175]",1.0,119.0,119.0,777.0,235.5,471.0,2,29.0,224.03
1,16,7946,5,1031,35,den,"[176, 177, 178]",,,,,,,0,,
1,16,7946,5,1031,36,rensende,"[179, 180, 181, 182, 183, 184, 185, 186]",4.0,226.0,226.0,226.0,226.0,226.0,1,23.0,149.74
1,16,7946,5,1031,37,"ild,","[187, 188, 189, 190]",1.0,156.0,156.0,156.0,156.0,156.0,1,34.0,230.17
1,16,7946,5,1031,38,det,"[191, 192, 193]",,,,,,,0,,
1,16,7946,5,1031,39,rensende,"[194, 195, 196, 197, 198, 199, 200, 201]",6.0,235.0,410.0,410.0,205.0,410.0,2,33.5,334.74
1,16,7946,5,1031,40,"bål,","[202, 204, 205]",,,,,,,0,,
1,16,7946,5,1031,41,som,"[206, 207, 208]",,,,,,,0,,
1,16,7946,5,1031,42,ifølge,"[209, 210, 212, 213, 214]",2.0,336.0,336.0,336.0,279.0,558.0,2,27.0,234.22
1,16,7946,5,1031,43,gammel,"[215, 216, 217, 218, 219, 220]",4.0,261.0,261.0,261.0,261.0,261.0,1,23.0,191.65
1,16,7946,5,1031,44,skik,"[221, 222, 223, 224]",0.0,167.0,167.0,167.0,167.0,167.0,1,28.0,235.43
1,16,7946,5,1031,45,optager,"[225, 226, 227, 228, 229, 230, 231]",1.0,258.0,258.0,688.0,260.5,521.0,2,27.5,201.35
1,16,7946,5,1031,46,alle,"[232, 233, 234, 235]",3.0,159.0,159.0,159.0,159.0,159.0,1,22.0,166.58
1,16,7946,5,1031,47,vore,"[236, 237, 238, 239]",3.0,183.0,183.0,183.0,183.0,183.0,1,23.0,122.72
1,16,7946,5,1031,48,indre,"[240, 241, 242, 243, 244]",2.0,175.0,175.0,175.0,175.0,175.0,1,23.0,134.84
1,16,7946,5,1031,49,"hekse,","[245, 246, 247, 248, 249, 250]",3.0,162.0,162.0,162.0,162.0,162.0,1,87.0,533.45
1,16,7946,5,1031,50,dæmoner,"[251, 253, 254, 255, 256, 257]",2.0,243.0,243.0,243.0,243.0,243.0,1,50.0,347.98
1,16,7946,5,1031,51,og,"[258, 259]",1.0,140.0,140.0,140.0,140.0,140.0,1,24.0,129.61
1,16,7946,5,1031,52,trolde.,"[260, 261, 262, 263, 264, 265, 266]",,,,,,,0,,
1,16,7946,5,1032,53,Og,"[267, 268]",,,,,,,0,,
1,16,7946,5,1032,54,som,"[269, 270, 271]",,,,,,,0,,
1,16,7946,5,1032,55,ved,"[272, 273, 274]",1.0,269.0,269.0,269.0,269.0,269.0,1,25.0,186.64
1,16,7946,5,1032,56,at,"[275, 276]",0.0,187.0,187.0,187.0,187.0,187.0,1,27.0,269.54
1,16,7946,5,1032,57,dvæle,"[277, 278, 280, 281]",2.0,205.0,205.0,205.0,205.0,205.0,1,24.0,182.88
1,16,7946,5,1032,58,blikket,"[282, 283, 284, 285, 286, 287, 288]",4.0,192.0,192.0,192.0,227.0,454.0,2,25.5,194.7
1,16,7946,5,1032,59,mildt,"[289, 290, 291, 292, 293]",3.0,254.0,254.0,688.0,213.0,426.0,2,28.0,192.85
1,16,7946,5,1032,60,og,"[294, 295]",,,,,,,0,,
1,16,7946,5,1032,61,uden,"[296, 297, 298, 299]",,,,,,,0,,
1,16,7946,5,1032,62,at,"[300, 301]",0.0,104.0,104.0,104.0,104.0,104.0,1,131.0,326.92
1,16,7946,5,1032,63,"fokusere,","[302, 303, 304, 305, 306, 307, 308, 309, 310]",1.0,154.0,154.0,154.0,154.0,154.0,1,43.0,240.95
1,16,7946,5,1032,64,stimulerer,"[311, 312, 313, 314, 315, 316, 317, 318, 319, 320]",6.0,314.0,314.0,314.0,314.0,314.0,1,31.0,191.19
1,16,7946,5,1032,65,melatoninen,"[321, 322, 323, 324, 325, 326, 327, 328, 329, 330, 331]",6.0,269.0,436.0,436.0,218.0,436.0,2,18.5,113.27
1,16,7946,5,1032,66,inde,"[332, 333, 334, 335]",,,,,,,0,,
1,16,7946,5,1032,67,i,[336],0.0,304.0,304.0,304.0,304.0,304.0,1,40.0,355.86
1,16,7946,5,1032,68,vore,"[337, 338, 339, 340]",,,,,,,0,,
1,16,7946,5,1032,69,hjerner.,"[341, 342, 343, 344, 345, 346, 347, 348]",,,,,,,0,,
1,16,7946,5,1033,70,Gør,"[349, 351]",,,,,,,0,,
1,16,7946,5,1033,71,os,"[352, 353]",0.0,213.0,213.0,213.0,213.0,213.0,1,36.0,243.51
1,16,7946,5,1033,72,"rolige,","[354, 355, 356, 357, 358, 359, 360]",0.0,195.0,195.0,195.0,195.0,195.0,1,28.0,107.98
1,16,7946,5,1033,73,"afslappede,","[361, 362, 363, 364, 365, 366, 367, 368, 369, 370, 371]",1.0,207.0,419.0,419.0,209.5,419.0,2,31.0,235.14
1,16,7946,5,1033,74,fredfyldte.,"[372, 373, 374, 375, 376, 377, 378, 379, 380, 381, 382]",6.0,158.0,158.0,14556.0,208.66666666666666,626.0,3,13.0,100.17
1,17,7946,6,1034,0,Fælles,"[1, 3, 4, 5, 6]",3.0,183.0,183.0,183.0,183.0,183.0,1,27.0,249.2
1,17,7946,6,1034,1,er,"[7, 8]",,,,,,,0,,
1,17,7946,6,1034,2,vi,"[9, 10]",,,,,,,0,,
1,17,7946,6,1034,3,i,[11],0.0,227.0,227.0,227.0,227.0,227.0,1,43.0,319.42
1,17,7946,6,1034,4,fortællingen.,"[12, 13, 14, 15, 17, 18, 19, 20, 21, 22, 23, 24]",2.0,170.0,170.0,170.0,170.0,170.0,1,20.0,125.87
1,17,7946,6,1035,5,Om,"[25, 26]",,,,,,,0,,
1,17,7946,6,1035,6,en,"[27, 28]",1.0,183.0,183.0,183.0,183.0,183.0,1,31.0,238.13
1,17,7946,6,1035,7,mand,"[29, 30, 31, 32]",0.0,305.0,305.0,305.0,305.0,305.0,1,30.0,158.46
1,17,7946,6,1035,8,3426,"[33, 34, 35, 36]",3.0,170.0,170.0,353.0,171.5,343.0,2,25.0,221.49
1,17,7946,6,1035,9,km,"[37, 38]",0.0,217.0,217.0,217.0,217.0,217.0,1,21.0,84.37
1,17,7946,6,1035,10,"herfra,","[39, 40, 41, 42, 43, 44, 45]",5.0,210.0,210.0,210.0,210.0,210.0,1,28.0,200.4
1,17,7946,6,1035,11,som,"[46, 47, 48]",,,,,,,0,,
1,17,7946,6,1035,12,ifølge,"[49, 50, 52, 53, 54]",,,,,,,0,,
1,17,7946,6,1035,13,en,"[55, 56]",0.0,223.0,223.0,223.0,223.0,223.0,1,28.0,202.18
1,17,7946,6,1035,14,læge,"[57, 59, 60]",2.0,158.0,158.0,158.0,158.0,158.0,1,32.0,175.71
1,17,7946,6,1035,15,ved,"[61, 62, 63]",,,,,,,0,,
1,17,7946,6,1035,16,navn,"[64, 65, 66, 67]",0.0,198.0,198.0,198.0,198.0,198.0,1,23.0,134.5
1,17,7946,6,1035,17,"Lukas,","[68, 69, 70, 71, 72, 73]",0.0,210.0,345.0,345.0,172.5,345.0,2,20.0,126.74
1,17,7946,6,1035,18,fødtes,"[74, 76, 77, 78, 79]",2.0,181.0,181.0,181.0,181.0,181.0,1,80.0,520.56
1,17,7946,6,1035,19,på,[80],,,,,,,0,,
1,17,7946,6,1035,20,denne,"[82, 83, 84, 85, 86]",3.0,259.0,259.0,259.0,259.0,259.0,1,38.0,249.71
1,17,7946,6,1035,21,dag.,"[87, 88, 89, 90]",0.0,240.0,240.0,240.0,247.0,494.0,2,39.5,412.1
1,17,7946,6,1035,22,6,[91],0.0,279.0,279.0,279.0,279.0,279.0,1,19.0,65.95
1,17,7946,6,1035,23,måneder,"[92, 94, 95, 96, 97, 98]",3.0,160.0,160.0,160.0,134.66666666666666,404.0,3,49.0,429.83
1,17,7946,6,1035,24,før,"[99, 101]",1.0,193.0,193.0,193.0,193.0,193.0,1,52.0,372.63
1,17,7946,6,1035,25,sin,"[102, 103, 104]",2.0,122.0,230.0,230.0,115.0,230.0,2,76.0,298.11
1,17,7946,6,1035,26,"fætter,","[105, 107, 108, 109, 110, 111]",5.0,128.0,128.0,128.0,193.5,387.0,2,87.5,303.51
1,17,7946,6,1035,27,hvis,"[112, 113, 114, 115]",3.0,210.0,210.0,210.0,171.5,343.0,2,31.5,274.17
1,17,7946,6,1035,28,ankomst,"[116, 117, 118, 119, 120, 121, 122]",1.0,315.0,315.0,525.0,207.4,1037.0,5,43.2,464.1
1,17,7946,6,1035,29,han,"[123, 124, 125]",2.0,175.0,175.0,465.0,174.0,348.0,2,426.0,457.51
1,17,7946,6,1035,30,skulle,"[126, 127, 128, 129, 130, 131]",3.0,250.0,250.0,250.0,250.0,250.0,1,30.0,183.19
1,17,7946,6,1035,31,forkynde.,"[132, 133, 134, 135, 136, 137, 138, 139, 140]",6.0,336.0,336.0,336.0,336.0,336.0,1,30.0,192.3
1,17,7946,6,1036,32,Manden,"[141, 142, 143, 144, 145, 146]",5.0,255.0,373.0,373.0,186.5,373.0,2,26.5,222.7
1,17,7946,6,1036,33,ved,"[147, 148, 149]",,,,,,,0,,
1,17,7946,6,1036,34,navn,"[150, 151, 152, 153]",,,,,,,0,,
1,17,7946,6,1036,35,Johannes,"[154, 155, 156, 157, 158, 159, 160, 161]",0.0,152.0,152.0,152.0,152.0,152.0,1,22.0,132.62
1,17,7946,6,1036,36,råbte,"[162, 164, 165, 166]",1.0,225.0,225.0,225.0,225.0,225.0,1,43.0,214.59
1,17,7946,6,1036,37,i,[167],,,,,,,0,,
1,17,7946,6,1036,38,ørkenen,"[169, 170, 171, 172, 173, 174]",,,,,,,0,,
1,17,7946,6,1036,39,om,"[175, 176]",,,,,,,0,,
1,17,7946,6,1036,40,"det,","[177, 178, 179, 180]",1.0,120.0,120.0,120.0,120.0,120.0,1,31.0,291.08
1,17,7946,6,1036,41,der,"[181, 182, 183]",,,,,,,0,,
1,17,7946,6,1036,42,vil,"[184, 185, 186]",2.0,199.0,199.0,199.0,199.0,199.0,1,29.0,279.85
1,17,7946,6,1036,43,"ske,","[187, 188, 189, 190]",3.0,192.0,192.0,192.0,192.0,192.0,1,21.0,125.54
1,17,7946,6,1036,44,de,"[191, 192]",,,,,,,0,,
1,17,7946,6,1036,45,"muligheder,","[193, 194, 195, 196, 197, 198, 199, 200, 201, 202, 203]",3.0,271.0,419.0,419.0,209.5,419.0,2,29.5,305.1
1,17,7946,6,1036,46,der,"[204, 205, 206]",,,,,,,0,,
1,17,7946,6,1036,47,vil,"[207, 208, 209]",2.0,223.0,223.0,223.0,223.0,223.0,1,31.0,263.78
1,17,7946,6,1036,48,komme.,"[210, 211, 212, 213, 214, 215]",,,,,,,0,,
1,17,7946,6,1037,49,Efter,"[216, 217, 218, 219, 220]",,,,,,,0,,
1,17,7946,6,1037,50,ham,"[221, 222, 223]",1.0,214.0,214.0,214.0,199.0,398.0,2,94.5,262.27
1,17,7946,6,1037,51,opkaldtes,"[224, 225, 226, 227, 228, 229, 230, 231, 232]",6.0,220.0,220.0,220.0,181.5,363.0,2,26.5,167.91
1,17,7946,6,1037,52,denne,"[233, 234, 235, 236, 237]",4.0,111.0,111.0,111.0,111.0,111.0,1,38.0,329.56
1,17,7946,6,1037,53,dag,"[238, 239, 240]",0.0,134.0,134.0,134.0,134.0,134.0,1,85.0,542.55
1,17,7946,6,1037,54,nogle,"[241, 242, 243, 244, 245]",,,,,,,0,,
1,17,7946,6,1037,55,århundreder,"[247, 248, 249, 250, 251, 252, 253, 254, 255, 256]",0.0,190.0,190.0,190.0,190.0,190.0,1,45.0,273.07
1,17,7946,6,1037,56,senere:,"[257, 258, 259, 260, 261, 262, 263]",6.0,168.0,168.0,168.0,168.0,168.0,1,43.0,253.23
1,17,7946,6,1038,57,Johannes,"[264, 265, 266, 267, 268, 269, 270, 271]",,,,,,,0,,
1,17,7946,6,1038,58,"dag,","[272, 273, 274, 275]",0.0,218.0,218.0,218.0,218.0,218.0,1,30.0,262.18
1,17,7946,6,1038,59,Johannes,"[276, 277, 278, 279, 280, 281, 282, 283]",7.0,271.0,432.0,432.0,216.0,432.0,2,25.5,259.83
1,17,7946,6,1038,60,den,"[284, 285, 286]",,,,,,,0,,
1,17,7946,6,1038,61,"hellige,","[287, 288, 289, 290, 291, 292, 293, 294]",4.0,106.0,222.0,222.0,111.0,222.0,2,84.5,349.86
1,17,7946,6,1038,62,sanctus,"[295, 296, 297, 298, 299, 300, 301]",6.0,209.0,384.0,384.0,192.0,384.0,2,26.5,226.05
1,17,7946,6,1038,63,"Johannes,","[302, 303, 304, 305, 306, 307, 308, 309, 310]",,,,,,,0,,
1,17,7946,6,1038,64,eller,"[311, 312, 313, 314, 315]",4.0,180.0,180.0,180.0,180.0,180.0,1,26.0,148.07
1,17,7946,6,1038,65,på,[316],,,,,,,0,,
1,17,7946,6,1038,66,DANSK:,"[318, 319, 320, 321, 322, 323]",3.0,216.0,216.0,216.0,216.0,216.0,1,84.0,578.94
1,17,7946,6,1039,67,Sankt,"[324, 325, 326, 327, 328]",2.0,259.0,259.0,259.0,259.0,259.0,1,34.0,279.65
1,17,7946,6,1039,68,Hans.,"[329, 330, 331, 332, 333]",2.0,122.0,122.0,122.0,122.0,122.0,1,23.0,142.2
1,17,7946,6,1040,69,Fælles,"[334, 336, 337, 338, 339]",3.0,153.0,153.0,153.0,156.66666666666666,470.0,3,34.0,243.01
1,17,7946,6,1040,70,er,"[340, 341]",,,,,,,0,,
1,17,7946,6,1040,71,vi,"[342, 343]",,,,,,,0,,
1,17,7946,6,1040,72,om,"[344, 345]",,,,,,,0,,
1,17,7946,6,1040,73,denne,"[346, 347, 348, 349, 350]",1.0,136.0,136.0,683.0,183.0,366.0,2,32.5,344.68
1,17,7946,6,1040,74,historie.,"[351, 352, 353, 354, 355, 356, 357, 358, 359]",,,,,,,0,,
1,17,7946,6,1041,75,Om,"[360, 361]",,,,,,,0,,
1,17,7946,6,1041,76,vi,"[362, 363]",1.0,209.0,209.0,209.0,209.0,209.0,1,26.0,227.98
1,17,7946,6,1041,77,tror,"[364, 365, 366, 367]",2.0,272.0,272.0,272.0,272.0,272.0,1,20.0,113.36
1,17,7946,6,1041,78,på,[368],,,,,,,0,,
1,17,7946,6,1041,79,den,"[370, 371, 372]",,,,,,,0,,
1,17,7946,6,1041,80,eller,"[373, 374, 375, 376, 377]",,,,,,,0,,
1,17,7946,6,1041,81,ej.,"[378, 379, 380]",,,,,,,0,,
1,17,7946,6,1042,82,Myterne,"[381, 382, 383, 384, 385, 386, 387]",3.0,171.0,171.0,171.0,171.0,171.0,1,35.0,205.87
1,17,7946,6,1042,83,flyder,"[388, 389, 390, 391, 392, 393]",,,,,,,0,,
1,17,7946,6,1042,84,sammen,"[394, 395, 396, 397, 398, 399]",0.0,156.0,533.0,533.0,177.66666666666666,533.0,3,40.666666666666664,522.67
1,17,7946,6,1042,85,med,"[400, 401, 402]",,,,,,,0,,
1,17,7946,6,1042,86,religioner,"[403, 404, 405, 406, 407, 408, 409, 410, 411, 412]",9.0,139.0,139.0,139.0,139.0,139.0,1,21.0,93.8
1,17,7946,6,1042,87,og,"[413, 414]",,,,,,,0,,
1,17,7946,6,1042,88,folkefortællinger.,"[415, 416, 417, 418, 419, 420, 421, 422, 423, 425, 426, 427, 428, 429, 430, 431, 432]",,,,,,,0,,
1,17,7946,6,1043,89,Og,"[433, 434]",,,,,,,0,,
1,17,7946,6,1043,90,selvom,"[435, 436, 437, 438, 439, 440]",4.0,211.0,211.0,211.0,211.0,211.0,1,36.0,241.02
1,17,7946,6,1043,91,få,[441],,,,,,,0,,
1,17,7946,6,1043,92,tror,"[443, 444, 445, 446]",1.0,157.0,157.0,157.0,157.0,157.0,1,42.0,311.8
1,17,7946,6,1043,93,på,[447],,,,,,,0,,
1,17,7946,6,1043,94,dem,"[449, 450, 451]",,,,,,,0,,
1,17,7946,6,1043,95,i,[452],,,,,,,0,,
1,17,7946,6,1043,96,bogstavelig,"[453, 454, 455, 456, 457, 458, 459, 460, 461, 462, 463]",6.0,237.0,237.0,237.0,237.0,237.0,1,41.0,284.47
1,17,7946,6,1043,97,"forstand,","[464, 465, 466, 467, 468, 469, 470, 471, 472]",,,,,,,0,,
1,17,7946,6,1043,98,hvad,"[473, 474, 475, 476]",,,,,,,0,,
1,17,7946,6,1043,99,enten,"[477, 478, 479, 480, 481]",2.0,160.0,261.0,261.0,130.5,261.0,2,20.0,140.34
1,17,7946,6,1043,100,det,"[482, 483, 484]",,,,,,,0,,
1,17,7946,6,1043,101,gælder,"[485, 487, 488, 489, 490]",3.0,174.0,174.0,174.0,174.0,174.0,1,50.0,358.34
1,17,7946,6,1043,102,hyldemor,"[491, 492, 493, 494, 495, 496, 497, 498]",7.0,163.0,163.0,337.0,155.0,310.0,2,106.0,379.37
1,17,7946,6,1043,103,eller,"[499, 500, 501, 502, 503]",,,,,,,0,,
1,17,7946,6,1043,104,"jomfrufødsler,","[504, 505, 506, 507, 508, 509, 510, 512, 513, 514, 515, 516, 517]",,,,,,,0,,
1,17,7946,6,1043,105,hekse,"[518, 519, 520, 521, 522]",4.0,166.0,166.0,166.0,166.0,166.0,1,32.0,247.23
1,17,7946,6,1043,106,eller,"[523, 524, 525, 526, 527]",0.0,172.0,338.0,338.0,169.0,338.0,2,25.0,150.49
1,17,7946,6,1043,107,huldrer.,"[528, 529, 530, 531, 532, 533, 534, 535]",5.0,153.0,153.0,153.0,153.0,153.0,1,29.0,260.3
1,17,7946,6,1044,108,Så,[536],,,,,,,0,,
1,17,7946,6,1044,109,tror,"[538, 539, 540, 541]",2.0,151.0,151.0,151.0,151.0,151.0,1,39.0,254.67
1,17,7946,6,1044,110,vi,"[542, 543]",,,,,,,0,,
1,17,7946,6,1044,111,på,[544],0.0,172.0,172.0,172.0,172.0,172.0,1,21.0,127.84
1,17,7946,6,1044,112,"det,","[546, 547, 548, 549]",,,,,,,0,,
1,17,7946,6,1044,113,der,"[550, 551, 552]",,,,,,,0,,
1,17,7946,6,1044,114,ligger,"[553, 554, 555, 556, 557, 558]",1.0,236.0,236.0,236.0,236.0,236.0,1,26.0,177.83
1,17,7946,6,1044,115,bag,"[559, 560, 561]",,,,,,,0,,
1,17,7946,6,1044,116,ordene.,"[562, 563, 564, 565, 566, 567, 568]",1.0,341.0,341.0,341.0,341.0,341.0,1,95.0,494.76
1,18,7946,7,1045,0,Et,"[1, 2]",1.0,195.0,195.0,195.0,195.0,195.0,1,34.0,242.29
1,18,7946,7,1045,1,ordsprog,"[3, 4, 5, 6, 7, 8, 9, 10]",2.0,318.0,318.0,513.0,235.25,941.0,4,18.5,181.97
1,18,7946,7,1045,2,"siger,","[11, 12, 13, 14, 15, 16]",3.0,185.0,185.0,1320.0,348.5,697.0,2,36.5,259.1
1,18,7946,7,1045,3,at,"[17, 18]",0.0,110.0,110.0,110.0,110.0,110.0,1,45.0,266.76
1,18,7946,7,1045,4,vi,"[19, 20]",,,,,,,0,,
1,18,7946,7,1045,5,ikke,"[21, 22, 23, 24]",,,,,,,0,,
1,18,7946,7,1045,6,fortæller,"[25, 26, 27, 28, 30, 31, 32, 33]",1.0,179.0,179.0,179.0,179.0,179.0,1,40.0,284.92
1,18,7946,7,1045,7,børn,"[34, 36, 37]",0.0,122.0,122.0,122.0,122.0,122.0,1,22.0,200.48
1,18,7946,7,1045,8,historier,"[38, 39, 40, 41, 42, 43, 44, 45, 46]",0.0,159.0,159.0,813.0,170.66666666666666,512.0,3,27.666666666666668,236.03
1,18,7946,7,1045,9,om,"[47, 48]",,,,,,,0,,
1,18,7946,7,1045,10,drager,"[49, 50, 51, 52, 53, 54]",1.0,206.0,206.0,206.0,183.0,366.0,2,42.0,302.03
1,18,7946,7,1045,11,"for,","[55, 56, 57, 58]",3.0,172.0,172.0,172.0,172.0,172.0,1,31.0,228.32
1,18,7946,7,1045,12,at,"[59, 60]",,,,,,,0,,
1,18,7946,7,1045,13,de,"[61, 62]",1.0,200.0,200.0,200.0,185.0,370.0,2,28.0,218.7
1,18,7946,7,1045,14,skal,"[63, 64, 65, 66]",,,,,,,0,,
1,18,7946,7,1045,15,tro,"[67, 68, 69]",0.0,158.0,158.0,158.0,158.0,158.0,1,22.0,169.6
1,18,7946,7,1045,16,på,[70],,,,,,,0,,
1,18,7946,7,1045,17,"dem,","[72, 73, 74, 75]",,,,,,,0,,
1,18,7946,7,1045,18,men,"[76, 77, 78]",,,,,,,0,,
1,18,7946,7,1045,19,for,"[79, 80, 81]",0.0,162.0,162.0,162.0,162.0,162.0,1,85.0,541.85
1,18,7946,7,1045,20,at,"[82, 83]",,,,,,,0,,
1,18,7946,7,1045,21,de,"[84, 85]",,,,,,,0,,
1,18,7946,7,1045,22,skal,"[86, 87, 88, 89]",0.0,226.0,226.0,226.0,226.0,226.0,1,45.0,256.85
1,18,7946,7,1045,23,lære,"[90, 92, 93]",2.0,170.0,170.0,170.0,170.0,170.0,1,31.0,158.37
1,18,7946,7,1045,24,at,"[94, 95]",,,,,,,0,,
1,18,7946,7,1045,25,slå,"[96, 97]",1.0,154.0,154.0,154.0,154.0,154.0,1,26.0,170.36
1,18,7946,7,1045,26,dem,"[99, 100, 101]",0.0,118.0,118.0,118.0,118.0,118.0,1,121.0,277.58
1,18,7946,7,1045,27,ihjel.,"[102, 103, 104, 105, 106, 107]",1.0,150.0,150.0,150.0,150.0,150.0,1,47.0,273.33
1,18,7946,7,1046,28,Eller,"[108, 109, 110, 111, 112]",3.0,123.0,123.0,123.0,123.0,123.0,1,31.0,349.08
1,18,7946,7,1046,29,tæmme,"[113, 115, 116, 117]",,,,,,,0,,
1,18,7946,7,1046,30,dem.,"[118, 119, 120, 121]",,,,,,,0,,
1,18,7946,7,1047,31,Det,"[122, 123, 124]",,,,,,,0,,
1,18,7946,7,1047,32,samme,"[125, 126, 127, 128, 129]",3.0,265.0,265.0,265.0,265.0,265.0,1,24.0,153.27
1,18,7946,7,1047,33,gælder,"[130, 132, 133, 134, 135]",4.0,252.0,252.0,252.0,252.0,252.0,1,24.0,135.21
1,18,7946,7,1047,34,ord.,"[136, 137, 138, 139]",,,,,,,0,,
1,18,7946,7,1048,35,Og,"[140, 141]",,,,,,,0,,
1,18,7946,7,1048,36,fortællinger.,"[142, 143, 144, 145, 147, 148, 149, 150, 151, 152, 153, 154]",5.0,244.0,351.0,351.0,173.25,693.0,4,43.25,290.9
1,18,7946,7,1049,37,Da,"[155, 156]",1.0,152.0,152.0,152.0,152.0,152.0,1,82.0,551.39
1,18,7946,7,1049,38,Johannes',"[157, 158, 159, 160, 161, 162, 163, 164, 165]",4.0,193.0,193.0,193.0,193.0,193.0,1,37.0,291.01
1,18,7946,7,1049,39,fætter,"[166, 168, 169, 170, 171]",1.0,115.0,115.0,115.0,115.0,115.0,1,25.0,191.42
1,18,7946,7,1049,40,endelig,"[172, 173, 174, 175, 176, 177, 178]",4.0,246.0,246.0,246.0,246.0,246.0,1,26.0,150.47
1,18,7946,7,1049,41,trådte,"[179, 180, 182, 183, 184]",0.0,156.0,156.0,156.0,156.0,156.0,1,36.0,259.83
1,18,7946,7,1049,42,frem,"[185, 186, 187, 188]",3.0,181.0,181.0,181.0,181.0,181.0,1,28.0,247.37
1,18,7946,7,1049,43,der,"[189, 190, 191]",2.0,245.0,245.0,245.0,245.0,245.0,1,23.0,126.7
1,18,7946,7,1049,44,ved,"[192, 193, 194]",,,,,,,0,,
1,18,7946,7,1049,45,floden,"[195, 196, 197, 198, 199, 200]",1.0,110.0,110.0,110.0,110.0,110.0,1,135.0,357.94
1,18,7946,7,1049,46,og,"[201, 202]",,,,,,,0,,
1,18,7946,7,1049,47,lod,"[203, 204, 205]",,,,,,,0,,
1,18,7946,7,1049,48,sig,"[206, 207, 208]",0.0,228.0,228.0,228.0,228.0,228.0,1,23.0,157.36
1,18,7946,7,1049,49,døbe,"[209, 211, 212]",2.0,222.0,222.0,222.0,222.0,222.0,1,27.0,183.64
1,18,7946,7,1049,50,svævede,"[213, 214, 216, 217, 218, 219]",5.0,314.0,314.0,314.0,314.0,314.0,1,26.0,152.27
1,18,7946,7,1049,51,en,"[220, 221]",1.0,218.0,218.0,218.0,218.0,218.0,1,22.0,153.54
1,18,7946,7,1049,52,due,"[222, 223, 224]",2.0,259.0,259.0,259.0,259.0,259.0,1,30.0,167.91
1,18,7946,7,1049,53,over,"[225, 226, 227, 228]",3.0,169.0,169.0,169.0,169.0,169.0,1,46.0,440.93
1,18,7946,7,1049,54,"ham,","[229, 230, 231, 232]",3.0,166.0,166.0,166.0,181.5,363.0,2,20.0,134.79
1,18,7946,7,1049,55,fint,"[233, 234, 235, 236]",3.0,141.0,141.0,141.0,163.5,327.0,2,78.0,535.59
1,18,7946,7,1049,56,symboliserende,"[237, 238, 239, 240, 241, 242, 243, 244, 245, 246, 247, 248, 249, 250]",10.0,119.0,277.0,277.0,190.6,953.0,5,27.6,275.95
1,18,7946,7,1049,57,ånde.,"[252, 253, 254, 255]",2.0,189.0,189.0,189.0,166.33333333333334,499.0,3,80.0,521.72
1,18,7946,7,1050,58,Og,"[256, 257]",0.0,151.0,151.0,151.0,151.0,151.0,1,38.0,269.33
1,18,7946,7,1050,59,det,"[258, 259, 260]",0.0,198.0,198.0,198.0,198.0,198.0,1,30.0,249.87
1,18,7946,7,1050,60,er,"[261, 262]",0.0,151.0,151.0,151.0,151.0,151.0,1,27.0,232.16
1,18,7946,7,1050,61,måske,"[263, 265, 266, 267]",3.0,139.0,139.0,497.0,143.66666666666666,431.0,3,51.333333333333336,381.74
1,18,7946,7,1050,62,netop,"[268, 269, 270, 271, 272]",3.0,373.0,373.0,373.0,373.0,373.0,1,21.0,126.98
1,18,7946,7,1050,63,"ånd,","[274, 275, 276]",0.0,308.0,308.0,308.0,308.0,308.0,1,14.0,57.84
1,18,7946,7,1050,64,der,"[277, 278, 279]",0.0,155.0,155.0,155.0,155.0,155.0,1,36.0,233.28
1,18,7946,7,1050,65,skaber,"[280, 281, 282, 283, 284, 285]",4.0,364.0,364.0,364.0,276.0,1104.0,4,26.0,230.28
1,18,7946,7,1050,66,fællesskabet.,"[286, 288, 289, 290, 291, 292, 293, 294, 295, 296, 297, 298]",5.0,107.0,107.0,1479.0,176.0,352.0,2,29.0,270.56
1,18,7946,7,1051,67,Forbindelsen,"[299, 300, 301, 302, 303, 304, 305, 306, 307, 308, 309, 310]",7.0,280.0,447.0,447.0,223.5,447.0,2,24.0,215.16
1,18,7946,7,1051,68,mellem,"[311, 312, 313, 314, 315, 316]",,,,,,,0,,
1,18,7946,7,1051,69,os.,"[317, 318, 319]",0.0,186.0,186.0,186.0,186.0,186.0,1,83.0,512.71
1,18,7946,7,1052,70,"Den,","[320, 321, 322, 323]",3.0,220.0,220.0,220.0,220.0,220.0,1,33.0,224.53
1,18,7946,7,1052,71,der,"[324, 325, 326]",,,,,,,0,,
1,18,7946,7,1052,72,ligger,"[327, 328, 329, 330, 331, 332]",2.0,117.0,117.0,117.0,117.0,117.0,1,24.0,169.59
1,18,7946,7,1052,73,bag,"[333, 334, 335]",0.0,104.0,104.0,104.0,104.0,104.0,1,110.0,285.87
1,18,7946,7,1052,74,"ordene,","[336, 337, 338, 339, 340, 341, 342]",,,,,,,0,,
1,18,7946,7,1052,75,"traditionerne,","[343, 344, 345, 346, 347, 348, 349, 350, 351, 352, 353, 354, 355, 356]",0.0,138.0,370.0,370.0,185.0,370.0,2,32.0,227.71
1,18,7946,7,1052,76,"festerne,","[357, 358, 359, 360, 361, 362, 363, 364, 365]",8.0,162.0,162.0,2105.0,195.33333333333334,586.0,3,26.333333333333332,498.77
1,18,7946,7,1052,77,højtiderne.,"[366, 368, 369, 370, 371, 372, 373, 374, 375, 376]",5.0,222.0,469.0,469.0,234.5,469.0,2,23.5,264.11
1,18,7946,7,1053,78,Traditioner,"[377, 378, 379, 380, 381, 382, 383, 384, 385, 386, 387]",6.0,365.0,365.0,365.0,365.0,365.0,1,24.0,172.05
1,18,7946,7,1053,79,uden,"[388, 389, 390, 391]",3.0,204.0,204.0,204.0,204.0,204.0,1,21.0,132.08
1,18,7946,7,1053,80,ånd,"[393, 394]",,,,,,,0,,
1,18,7946,7,1053,81,er,"[395, 396]",1.0,332.0,332.0,332.0,332.0,332.0,1,22.0,154.71
1,18,7946,7,1053,82,glædesløse.,"[397, 398, 400, 401, 402, 403, 405, 406, 407]",7.0,150.0,150.0,150.0,150.0,150.0,1,175.0,601.45
1,18,7946,7,1054,83,Derfor,"[408, 409, 410, 411, 412, 413]",5.0,272.0,272.0,272.0,272.0,272.0,1,41.0,300.12
1,18,7946,7,1054,84,er,"[414, 415]",,,,,,,0,,
1,18,7946,7,1054,85,denne,"[416, 417, 418, 419, 420]",4.0,110.0,110.0,110.0,110.0,110.0,1,26.0,217.0
1,18,7946,7,1054,86,tradition,"[421, 422, 423, 424, 425, 426, 427, 428, 429]",6.0,157.0,157.0,157.0,157.0,157.0,1,26.0,239.6
1,18,7946,7,1054,87,særlig,"[430, 432, 433, 434, 435]",,,,,,,0,,
1,18,7946,7,1054,88,smuk.,"[436, 437, 438, 439, 440]",0.0,292.0,292.0,292.0,292.0,292.0,1,34.0,273.03
1,18,7946,7,1055,89,For,"[441, 442, 443]",,,,,,,0,,
1,18,7946,7,1055,90,den,"[444, 445, 446]",,,,,,,0,,
1,18,7946,7,1055,91,forbinder,"[447, 448, 449, 450, 451, 452, 453, 454, 455]",2.0,198.0,325.0,325.0,162.5,325.0,2,25.5,197.66
1,18,7946,7,1055,92,det,"[456, 457, 458]",0.0,166.0,166.0,166.0,166.0,166.0,1,25.0,169.9
1,18,7946,7,1055,93,hele.,"[459, 460, 461, 462, 463]",,,,,,,0,,
1,18,7946,7,1056,94,Lyset.,"[464, 465, 466, 467, 468, 469]",,,,,,,0,,
1,18,7946,7,1057,95,Fortællingerne.,"[470, 471, 472, 473, 475, 476, 477, 478, 479, 480, 481, 482, 483, 484]",0.0,366.0,611.0,611.0,305.5,611.0,2,16.5,175.76
1,18,7946,7,1058,96,Myterne.,"[485, 486, 487, 488, 489, 490, 491, 492]",5.0,235.0,235.0,235.0,235.0,235.0,1,85.0,538.09
1,18,7946,7,1059,97,Glæden.,"[493, 494, 496, 497, 498, 499]",2.0,195.0,195.0,195.0,195.0,195.0,1,42.0,224.87
1,18,7946,7,1060,98,Og,"[500, 501]",1.0,140.0,140.0,140.0,140.0,140.0,1,22.0,109.96
1,18,7946,7,1060,99,freden.,"[502, 503, 504, 505, 506, 507, 508]",4.0,178.0,178.0,178.0,178.0,178.0,1,29.0,288.53
1,18,7946,7,1061,100,Om,"[509, 510]",,,,,,,0,,
1,18,7946,7,1061,101,det,"[511, 512, 513]",,,,,,,0,,
1,18,7946,7,1061,102,at,"[514, 515]",1.0,220.0,220.0,220.0,220.0,220.0,1,23.0,128.46
1,18,7946,7,1061,103,året,"[517, 518, 519]",2.0,184.0,184.0,184.0,184.0,184.0,1,24.0,149.05
1,18,7946,7,1061,104,går,"[520, 522]",0.0,204.0,204.0,204.0,204.0,204.0,1,27.0,283.06
1,18,7946,7,1061,105,sin,"[523, 524, 525]",0.0,371.0,371.0,371.0,371.0,371.0,1,28.0,199.05
1,18,7946,7,1061,106,gang.,"[526, 527, 528, 529, 530]",,,,,,,0,,
1,18,7946,7,1062,107,Og,"[531, 532]",0.0,109.0,109.0,109.0,109.0,109.0,1,28.0,253.94
1,18,7946,7,1062,108,at,"[533, 534]",,,,,,,0,,
1,18,7946,7,1062,109,vi,"[535, 536]",1.0,142.0,142.0,142.0,142.0,142.0,1,34.0,251.13
1,18,7946,7,1062,110,har,"[537, 538, 539]",2.0,167.0,167.0,167.0,167.0,167.0,1,19.0,93.49
1,18,7946,7,1062,111,nogen,"[540, 541, 542, 543, 544]",,,,,,,0,,
1,18,7946,7,1062,112,"indbyggede,","[545, 546, 547, 548, 549, 550, 551, 552, 553, 554, 555]",5.0,237.0,237.0,237.0,237.0,237.0,1,39.0,231.22
1,18,7946,7,1062,113,traditionsbundne,"[556, 557, 558, 559, 560, 561, 562, 563, 564, 565, 566, 567, 568, 569, 570, 571]",7.0,180.0,315.0,315.0,157.5,315.0,2,46.5,499.32
1,18,7946,7,1062,114,"milepæle,","[572, 573, 574, 575, 576, 578, 579, 580]",4.0,222.0,222.0,222.0,222.0,222.0,1,39.0,245.06
1,18,7946,7,1062,115,der,"[581, 582, 583]",,,,,,,0,,
1,18,7946,7,1062,116,markerer,"[584, 585, 586, 587, 588, 589, 590, 591]",0.0,128.0,128.0,533.0,155.5,311.0,2,24.5,209.95
1,18,7946,7,1062,117,dette.,"[592, 593, 594, 595, 596, 597]",0.0,343.0,343.0,343.0,343.0,343.0,1,,
1,19,7946,8,1063,0,For,"[1, 2, 3]",,,,,,,0,,
1,19,7946,8,1063,1,det,"[4, 5, 6]",0.0,161.0,161.0,161.0,161.0,161.0,1,46.0,251.7
1,19,7946,8,1063,2,sjove,"[7, 8, 9, 10, 11]",0.0,120.0,120.0,120.0,120.0,120.0,1,21.0,111.46
1,19,7946,8,1063,3,er,"[12, 13]",,,,,,,0,,
1,19,7946,8,1063,4,vel,"[14, 15, 16]",1.0,285.0,285.0,285.0,285.0,285.0,1,26.0,184.71
1,19,7946,8,1063,5,egentlig,"[17, 18, 19, 20, 21, 22, 23, 24]",5.0,185.0,185.0,185.0,185.0,185.0,1,26.0,191.91
1,19,7946,8,1063,6,"også,","[25, 26, 27, 29]",3.0,115.0,115.0,115.0,115.0,115.0,1,29.0,268.94
1,19,7946,8,1063,7,at,"[30, 31]",,,,,,,0,,
1,19,7946,8,1063,8,i,[32],0.0,177.0,177.0,177.0,177.0,177.0,1,27.0,248.7
1,19,7946,8,1063,9,aften,"[33, 34, 35, 36, 37]",2.0,185.0,185.0,185.0,185.0,185.0,1,20.0,111.01
1,19,7946,8,1063,10,tænker,"[38, 40, 41, 42, 43]",2.0,248.0,248.0,248.0,248.0,248.0,1,27.0,210.9
1,19,7946,8,1063,11,vi,"[44, 45]",,,,,,,0,,
1,19,7946,8,1063,12,ikke,"[46, 47, 48, 49]",2.0,313.0,313.0,313.0,313.0,313.0,1,24.0,130.22
1,19,7946,8,1063,13,på,[50],,,,,,,0,,
1,19,7946,8,1063,14,alt,"[52, 53, 54]",0.0,271.0,271.0,271.0,271.0,271.0,1,22.0,92.7
1,19,7946,8,1063,15,"det,","[55, 56, 57, 58]",0.0,157.0,157.0,157.0,157.5,315.0,2,25.0,192.89
1,19,7946,8,1063,16,der,"[59, 60, 61]",,,,,,,0,,
1,19,7946,8,1063,17,skete,"[62, 63, 64, 65, 66]",0.0,209.0,209.0,209.0,209.0,209.0,1,24.0,188.36
1,19,7946,8,1063,18,de,"[67, 68]",,,,,,,0,,
1,19,7946,8,1063,19,foregående,"[69, 70, 71, 72, 73, 75, 76, 77, 78]",1.0,147.0,443.0,443.0,147.66666666666666,443.0,3,66.33333333333333,229.66
1,19,7946,8,1063,20,12,"[79, 80]",0.0,252.0,381.0,381.0,190.5,381.0,2,51.0,548.45
1,19,7946,8,1063,21,måneder,"[81, 83, 84, 85, 86, 87]",,,,,,,0,,
1,19,7946,8,1063,22,siden,"[88, 89, 90, 91, 92]",1.0,210.0,210.0,210.0,210.0,210.0,1,27.0,206.24
1,19,7946,8,1063,23,sidste,"[93, 94, 95, 96, 97, 98]",5.0,208.0,477.0,477.0,238.5,477.0,2,38.0,390.03
1,19,7946,8,1063,24,sommer.,"[99, 100, 101, 102, 103, 104, 105]",,,,,,,0,,
1,19,7946,8,1064,25,"Nej,","[106, 107, 108, 109]",,,,,,,0,,
1,19,7946,8,1064,26,vi,"[110, 111]",1.0,106.0,106.0,106.0,106.0,106.0,1,28.0,235.64
1,19,7946,8,1064,27,træder,"[112, 113, 115, 116, 117]",1.0,211.0,211.0,317.0,174.0,522.0,3,25.0,334.99
1,19,7946,8,1064,28,nærmest,"[118, 120, 121, 122, 123, 124]",3.0,109.0,109.0,109.0,109.0,109.0,1,119.0,247.52
1,19,7946,8,1064,29,ind,"[125, 126, 127]",,,,,,,0,,
1,19,7946,8,1064,30,i,[128],0.0,134.0,134.0,134.0,134.0,134.0,1,25.0,192.14
1,19,7946,8,1064,31,en,"[129, 130]",,,,,,,0,,
1,19,7946,8,1064,32,magisk,"[131, 132, 133, 134, 135, 136]",4.0,301.0,301.0,301.0,267.0,534.0,2,44.5,311.29
1,19,7946,8,1064,33,stund.,"[137, 138, 139, 140, 141, 142]",4.0,241.0,241.0,241.0,241.0,241.0,1,24.0,199.25
1,19,7946,8,1065,34,Hvor,"[143, 144, 145, 146]",3.0,171.0,171.0,171.0,171.0,171.0,1,38.0,189.33
1,19,7946,8,1065,35,i,[147],0.0,276.0,276.0,276.0,276.0,276.0,1,21.0,111.57
1,19,7946,8,1065,36,går,"[148, 150]",0.0,158.0,158.0,158.0,158.0,158.0,1,17.0,86.27
1,19,7946,8,1065,37,og,"[151, 152]",0.0,216.0,216.0,216.0,216.0,216.0,1,24.0,100.97
1,19,7946,8,1065,38,i,[153],,,,,,,0,,
1,19,7946,8,1065,39,forgårs,"[154, 155, 156, 157, 159, 160]",0.0,256.0,256.0,256.0,256.0,256.0,1,18.0,95.29
1,19,7946,8,1065,40,er,"[161, 162]",,,,,,,0,,
1,19,7946,8,1065,41,forsvundet.,"[163, 164, 165, 166, 167, 168, 169, 170, 171, 172, 173]",2.0,366.0,366.0,366.0,366.0,366.0,1,52.0,334.18
1,19,7946,8,1066,42,Og,"[174, 175]",,,,,,,0,,
1,19,7946,8,1066,43,at,"[176, 177]",,,,,,,0,,
1,19,7946,8,1066,44,vi,"[178, 179]",,,,,,,0,,
1,19,7946,8,1066,45,tænker,"[180, 182, 183, 184, 185]",3.0,136.0,440.0,440.0,220.0,440.0,2,27.5,261.84
1,19,7946,8,1066,46,på,[186],,,,,,,0,,
1,19,7946,8,1066,47,sidste,"[188, 189, 190, 191, 192, 193]",4.0,335.0,335.0,335.0,335.0,335.0,1,25.0,186.93
1,19,7946,8,1066,48,års,"[195, 196]",,,,,,,0,,
1,19,7946,8,1066,49,bålaften.,"[197, 199, 200, 201, 202, 203, 204, 205]",0.0,250.0,355.0,355.0,177.5,355.0,2,78.5,266.89
1,19,7946,8,1067,50,Vi,"[206, 207]",,,,,,,0,,
1,19,7946,8,1067,51,ophæver,"[208, 209, 210, 212, 213, 214]",,,,,,,0,,
1,19,7946,8,1067,52,den,"[215, 216, 217]",,,,,,,0,,
1,19,7946,8,1067,53,"kontinuerlige,","[218, 219, 220, 221, 222, 223, 224, 225, 226, 227, 228, 229, 230, 231]",7.0,352.0,352.0,352.0,352.0,352.0,1,28.0,222.95
1,19,7946,8,1067,54,lineære,"[232, 233, 234, 235, 237, 238]",4.0,339.0,339.0,339.0,339.0,339.0,1,19.0,129.96
1,19,7946,8,1067,55,måde,"[239, 241, 242]",,,,,,,0,,
1,19,7946,8,1067,56,at,"[243, 244]",0.0,190.0,190.0,190.0,190.0,190.0,1,12.0,61.24
1,19,7946,8,1067,57,se,"[245, 246]",,,,,,,0,,
1,19,7946,8,1067,58,verden,"[247, 248, 249, 250, 251, 252]",5.0,119.0,325.0,325.0,162.5,325.0,2,28.5,312.94
1,19,7946,8,1067,59,på.,"[253, 255]",,,,,,,0,,
1,19,7946,8,1068,60,Hvor,"[256, 257, 258, 259]",,,,,,,0,,
1,19,7946,8,1068,61,vi,"[260, 261]",0.0,141.0,141.0,141.0,141.0,141.0,1,24.0,170.91
1,19,7946,8,1068,62,midt,"[262, 263, 264, 265]",0.0,282.0,282.0,282.0,282.0,282.0,1,19.0,95.32
1,19,7946,8,1068,63,i,[266],0.0,268.0,268.0,268.0,268.0,268.0,1,23.0,164.09
1,19,7946,8,1068,64,alle,"[267, 268, 269, 270]",,,,,,,0,,
1,19,7946,8,1068,65,vores,"[271, 272, 273, 274, 275]",0.0,302.0,302.0,302.0,302.0,302.0,1,28.0,198.62
1,19,7946,8,1068,66,praktiske,"[276, 277, 278, 279, 280, 281, 282, 283, 284]",,,,,,,0,,
1,19,7946,8,1068,67,gøremål,"[285, 287, 288, 289, 291]",,,,,,,0,,
1,19,7946,8,1068,68,–,[],,,,,,,0,,
1,19,7946,8,1068,69,måler,"[293, 295, 296, 297]",3.0,179.0,179.0,179.0,179.0,179.0,1,29.0,232.87
1,19,7946,8,1068,70,tiden,"[298, 299, 300, 301, 302]",0.0,285.0,285.0,285.0,285.0,285.0,1,15.0,71.47
1,19,7946,8,1068,71,et,"[303, 304]",,,,,,,0,,
1,19,7946,8,1068,72,stykke,"[305, 306, 307, 308, 309, 310]",3.0,288.0,288.0,288.0,288.0,288.0,1,27.0,165.44
1,19,7946,8,1068,73,efter,"[311, 312, 313, 314, 315]",,,,,,,0,,
1,19,7946,8,1068,74,et,"[316, 317]",0.0,165.0,165.0,165.0,165.0,165.0,1,20.0,119.02
1,19,7946,8,1068,75,andet.,"[318, 319, 320, 321, 322, 323]",2.0,221.0,221.0,221.0,221.0,221.0,1,84.0,529.05
1,19,7946,8,1069,76,Alt,"[324, 325, 326]",,,,,,,0,,
1,19,7946,8,1069,77,dette,"[327, 328, 329, 330, 331]",0.0,283.0,283.0,283.0,283.0,283.0,1,34.0,321.73
1,19,7946,8,1069,78,bliver,"[332, 333, 334, 335, 336, 337]",4.0,132.0,132.0,132.0,132.0,132.0,1,27.0,220.68
1,19,7946,8,1069,79,for,"[338, 339, 340]",,,,,,,0,,
1,19,7946,8,1069,80,en,"[341, 342]",,,,,,,0,,
1,19,7946,8,1069,81,stund,"[343, 344, 345, 346, 347]",0.0,204.0,204.0,204.0,204.0,204.0,1,25.0,219.62
1,19,7946,8,1069,82,ophævet.,"[348, 349, 350, 352, 353, 354, 355]",,,,,,,0,,
1,20,7946,9,1070,0,Og,"[1, 2]",,,,,,,0,,
1,20,7946,9,1070,1,vi,"[3, 4]",,,,,,,0,,
1,20,7946,9,1070,2,træder,"[5, 6, 8, 9, 10]",0.0,147.0,147.0,147.0,147.0,147.0,1,48.0,276.47
1,20,7946,9,1070,3,ind,"[11, 12, 13]",,,,,,,0,,
1,20,7946,9,1070,4,i,[14],,,,,,,0,,
1,20,7946,9,1070,5,årshjulets,"[16, 17, 18, 19, 20, 21, 22, 23, 24]",2.0,206.0,206.0,206.0,225.0,450.0,2,37.5,258.04
1,20,7946,9,1070,6,cirkulære,"[25, 26, 27, 28, 29, 30, 32, 33]",5.0,184.0,327.0,327.0,161.0,483.0,3,25.666666666666668,242.41
1,20,7946,9,1070,7,rytme.,"[34, 35, 36, 37, 38, 39]",4.0,153.0,153.0,153.0,153.0,153.0,1,38.0,250.3
1,20,7946,9,1071,8,For,"[40, 41, 42]",,,,,,,0,,
1,20,7946,9,1071,9,vi,"[43, 44]",,,,,,,0,,
1,20,7946,9,1071,10,giver,"[45, 46, 47, 48, 49]",4.0,153.0,298.0,298.0,149.0,298.0,2,24.5,218.43
1,20,7946,9,1071,11,pokker,"[50, 51, 52, 53, 54, 55]",5.0,178.0,178.0,178.0,194.5,389.0,2,27.5,221.58
1,20,7946,9,1071,12,i,[56],,,,,,,0,,
1,20,7946,9,1071,13,januars,"[57, 58, 59, 60, 61, 62, 63]",6.0,201.0,201.0,201.0,201.0,201.0,1,27.0,241.72
1,20,7946,9,1071,14,måneds,"[64, 66, 67, 68, 69]",0.0,281.0,485.0,485.0,242.5,485.0,2,20.5,182.28
1,20,7946,9,1071,15,lommesmerter,"[70, 71, 72, 73, 74, 75, 76, 77, 78, 79, 80, 81]",7.0,216.0,477.0,477.0,159.0,477.0,3,38.0,528.24
1,20,7946,9,1071,16,og,"[82, 83]",,,,,,,0,,
1,20,7946,9,1071,17,februars,"[84, 85, 86, 87, 88, 89, 90, 91]",4.0,313.0,313.0,313.0,313.0,313.0,1,20.0,107.87
1,20,7946,9,1071,18,tristesse.,"[92, 93, 94, 95, 96, 97, 98, 99, 100, 101]",2.0,115.0,115.0,770.0,152.33333333333334,457.0,3,30.666666666666668,227.88
1,20,7946,9,1072,19,Marts,"[102, 103, 104, 105, 106]",3.0,237.0,237.0,237.0,237.0,237.0,1,23.0,108.51
1,20,7946,9,1072,20,måneds,"[107, 109, 110, 111, 112]",1.0,192.0,192.0,429.0,217.5,435.0,2,25.0,231.76
1,20,7946,9,1072,21,tunge,"[113, 114, 115, 116, 117]",1.0,243.0,243.0,486.0,198.5,397.0,2,24.0,180.1
1,20,7946,9,1072,22,regn.,"[118, 119, 120, 121, 122]",0.0,184.0,184.0,184.0,184.0,184.0,1,19.0,56.66
1,20,7946,9,1073,23,Og,"[123, 124]",0.0,111.0,111.0,111.0,111.0,111.0,1,26.0,221.94
1,20,7946,9,1073,24,april,"[125, 126, 127, 128, 129]",3.0,155.0,155.0,155.0,155.0,155.0,1,29.0,268.26
1,20,7946,9,1073,25,måneds,"[130, 132, 133, 134, 135]",0.0,176.0,176.0,331.0,178.0,356.0,2,78.0,287.74
1,20,7946,9,1073,26,forårsbebudning.,"[136, 137, 138, 140, 141, 142, 143, 144, 145, 146, 147, 148, 149, 150, 151]",3.0,212.0,212.0,834.0,218.0,654.0,3,25.333333333333332,245.45
1,20,7946,9,1074,27,Netop,"[152, 153, 154, 155, 156]",,,,,,,0,,
1,20,7946,9,1074,28,i,[157],0.0,169.0,169.0,169.0,169.0,169.0,1,36.0,216.6
1,20,7946,9,1074,29,aften,"[158, 159, 160, 161, 162]",0.0,256.0,256.0,256.0,256.0,256.0,1,15.0,73.37
1,20,7946,9,1074,30,er,"[163, 164]",,,,,,,0,,
1,20,7946,9,1074,31,vi,"[165, 166]",1.0,219.0,219.0,219.0,219.0,219.0,1,83.0,502.18
1,20,7946,9,1074,32,bare.,"[167, 168, 169, 170, 171]",,,,,,,0,,
1,20,7946,9,1075,33,Og,"[172, 173]",,,,,,,0,,
1,20,7946,9,1075,34,vi,"[174, 175]",,,,,,,0,,
1,20,7946,9,1075,35,lader,"[176, 177, 178, 179, 180]",2.0,106.0,106.0,106.0,202.5,405.0,2,38.0,232.84
1,20,7946,9,1075,36,tankerne,"[181, 182, 183, 184, 185, 186, 187, 188]",,,,,,,0,,
1,20,7946,9,1075,37,gå,[189],,,,,,,0,,
1,20,7946,9,1075,38,mod,"[191, 192, 193]",1.0,556.0,556.0,556.0,556.0,556.0,1,92.0,317.65
1,20,7946,9,1075,39,alle,"[194, 195, 196, 197]",,,,,,,0,,
1,20,7946,9,1075,40,de,"[198, 199]",1.0,189.0,189.0,189.0,189.0,189.0,1,128.0,260.21
1,20,7946,9,1075,41,andre,"[200, 201, 202, 203, 204]",4.0,128.0,128.0,128.0,128.0,128.0,1,38.0,262.77
1,20,7946,9,1075,42,midsommeraftner.,"[205, 206, 207, 208, 209, 210, 211, 212, 213, 214, 215, 216, 217, 218, 219, 220]",6.0,270.0,473.0,473.0,249.66666666666666,749.0,3,22.666666666666668,200.91
1,20,7946,9,1076,43,Fuldt,"[221, 222, 223, 224, 225]",4.0,167.0,167.0,167.0,167.0,167.0,1,41.0,254.55
1,20,7946,9,1076,44,af,"[226, 227]",1.0,169.0,169.0,169.0,169.0,169.0,1,19.0,87.17
1,20,7946,9,1076,45,skønheden,"[228, 229, 231, 232, 233, 234, 235, 236]",,,,,,,0,,
1,20,7946,9,1076,46,og,"[237, 238]",,,,,,,0,,
1,20,7946,9,1076,47,nybrud.,"[239, 240, 241, 242, 243, 244, 245]",1.0,217.0,445.0,445.0,222.5,445.0,2,22.5,113.9
1,20,7946,9,1077,48,Fuld,"[246, 247, 248, 249]",3.0,318.0,318.0,318.0,318.0,318.0,1,87.0,522.14
1,20,7946,9,1077,49,af,"[250, 251]",,,,,,,0,,
1,20,7946,9,1077,50,"forventninger,","[252, 253, 254, 255, 256, 257, 258, 259, 260, 261, 262, 263, 264, 265]",7.0,117.0,291.0,291.0,145.5,291.0,2,36.5,382.59
1,20,7946,9,1077,51,og,"[266, 267]",,,,,,,0,,
1,20,7946,9,1077,52,vi,"[268, 269]",,,,,,,0,,
1,20,7946,9,1077,53,kan,"[270, 271, 272]",,,,,,,0,,
1,20,7946,9,1077,54,på,[273],0.0,197.0,197.0,197.0,197.0,197.0,1,25.0,200.7
1,20,7946,9,1077,55,en,"[275, 276]",0.0,349.0,349.0,349.0,349.0,349.0,1,32.0,280.38
1,20,7946,9,1077,56,aften,"[277, 278, 279, 280, 281]",4.0,186.0,186.0,186.0,186.0,186.0,1,25.0,171.47
1,20,7946,9,1077,57,som,"[282, 283, 284]",,,,,,,0,,
1,20,7946,9,1077,58,i,[285],0.0,280.0,280.0,280.0,280.0,280.0,1,25.0,160.62
1,20,7946,9,1077,59,aften,"[286, 287, 288, 289, 290]",,,,,,,0,,
1,20,7946,9,1077,60,næsten,"[291, 293, 294, 295, 296]",0.0,204.0,204.0,204.0,224.0,448.0,2,78.0,360.58
1,20,7946,9,1077,61,høre,"[297, 299, 300]",2.0,164.0,164.0,164.0,164.0,164.0,1,22.0,139.99
1,20,7946,9,1077,62,mosekonen,"[301, 302, 303, 304, 305, 306, 307, 308, 309]",4.0,382.0,382.0,382.0,382.0,382.0,1,20.0,118.68
1,20,7946,9,1077,63,brygge.,"[310, 311, 312, 313, 314, 315, 316]",,,,,,,0,,
1,20,7946,9,1078,64,Og,"[317, 318]",,,,,,,0,,
1,20,7946,9,1078,65,"føle,","[319, 321, 322, 323]",3.0,317.0,317.0,317.0,317.0,317.0,1,24.0,141.89
1,20,7946,9,1078,66,hvordan,"[324, 325, 326, 327, 328, 329, 330]",5.0,157.0,157.0,157.0,157.33333333333334,472.0,3,62.333333333333336,555.32
1,20,7946,9,1078,67,hyldeblomsten,"[331, 332, 333, 334, 335, 336, 337, 338, 339, 340, 341, 342, 343]",11.0,145.0,410.0,410.0,234.5,938.0,4,26.666666666666668,239.32
1,20,7946,9,1078,68,beruser,"[344, 345, 346, 347, 348, 349, 350]",5.0,276.0,276.0,276.0,204.0,612.0,3,41.666666666666664,508.97
1,20,7946,9,1078,69,os.,"[351, 352, 353]",,,,,,,0,,
1,21,7946,10,1079,0,Og,"[1, 2]",,,,,,,0,,
1,21,7946,10,1079,1,hvad,"[3, 4, 5, 6]",3.0,201.0,201.0,201.0,201.0,201.0,1,31.0,291.5
1,21,7946,10,1079,2,er,"[7, 8]",,,,,,,0,,
1,21,7946,10,1079,3,det,"[9, 10, 11]",,,,,,,0,,
1,21,7946,10,1079,4,så,[12],,,,,,,0,,
1,21,7946,10,1079,5,for,"[14, 15, 16]",,,,,,,0,,
1,21,7946,10,1079,6,"noget,","[17, 18, 19, 20, 21, 22]",0.0,188.0,188.0,188.0,188.0,188.0,1,40.0,281.07
1,21,7946,10,1079,7,vi,"[23, 24]",,,,,,,0,,
1,21,7946,10,1079,8,tænker,"[25, 27, 28, 29, 30]",4.0,281.0,281.0,281.0,281.0,281.0,1,35.0,270.29
1,21,7946,10,1079,9,på?,"[31, 33]",,,,,,,0,,
1,21,7946,10,1080,10,I,[34],,,,,,,0,,
1,21,7946,10,1080,11,har,"[35, 36, 37]",2.0,163.0,163.0,163.0,163.0,163.0,1,31.0,287.91
1,21,7946,10,1080,12,sikkert,"[38, 39, 40, 41, 42, 43, 44]",3.0,271.0,271.0,434.0,229.0,458.0,2,30.0,252.36
1,21,7946,10,1080,13,hver,"[45, 46, 47, 48]",,,,,,,0,,
1,21,7946,10,1080,14,især,"[49, 50, 52]",,,,,,,0,,
1,21,7946,10,1080,15,jeres,"[53, 54, 55, 56, 57]",0.0,161.0,161.0,161.0,161.0,161.0,1,30.0,264.49
1,21,7946,10,1080,16,egne,"[58, 59, 60, 61]",,,,,,,0,,
1,21,7946,10,1080,17,"traditioner,","[62, 63, 64, 65, 66, 67, 68, 69, 70, 71, 72, 73]",5.0,293.0,293.0,293.0,293.0,293.0,1,32.0,221.88
1,21,7946,10,1080,18,som,"[74, 75, 76]",,,,,,,0,,
1,21,7946,10,1080,19,I,[77],0.0,411.0,411.0,411.0,411.0,411.0,1,83.0,538.18
1,21,7946,10,1080,20,har,"[78, 79, 80]",,,,,,,0,,
1,21,7946,10,1080,21,været,"[81, 83, 84, 85]",,,,,,,0,,
1,21,7946,10,1080,22,en,"[86, 87]",0.0,146.0,146.0,146.0,146.0,146.0,1,39.0,374.06
1,21,7946,10,1080,23,del,"[88, 89, 90]",,,,,,,0,,
1,21,7946,10,1080,24,"af,","[91, 92, 93]",1.0,108.0,108.0,1212.0,118.5,237.0,2,34.0,219.32
1,21,7946,10,1080,25,inden,"[94, 95, 96, 97, 98]",,,,,,,0,,
1,21,7946,10,1080,26,i,[99],,,,,,,0,,
1,21,7946,10,1080,27,kommet,"[100, 101, 102, 103, 104, 105]",4.0,225.0,225.0,225.0,225.0,225.0,1,73.0,209.15
1,21,7946,10,1080,28,her.,"[106, 107, 108, 109]",,,,,,,0,,
1,21,7946,10,1081,29,I,[110],,,,,,,0,,
1,21,7946,10,1081,30,mit,"[111, 112, 113]",,,,,,,0,,
1,21,7946,10,1081,31,barndomshjem,"[114, 115, 116, 117, 118, 119, 120, 121, 122, 123, 124, 125]",3.0,180.0,335.0,335.0,167.5,335.0,2,31.0,334.16
1,21,7946,10,1081,32,var,"[126, 127, 128]",,,,,,,0,,
1,21,7946,10,1081,33,det,"[129, 130, 131]",,,,,,,0,,
1,21,7946,10,1081,34,"sådan,","[132, 134, 135, 136, 137]",,,,,,,0,,
1,21,7946,10,1081,35,at,"[138, 139]",,,,,,,0,,
1,21,7946,10,1081,36,lige,"[140, 141, 142, 143]",,,,,,,0,,
1,21,7946,10,1081,37,så,[144],,,,,,,0,,
1,21,7946,10,1081,38,meget,"[146, 147, 148, 149, 150]",4.0,106.0,106.0,106.0,106.0,106.0,1,151.0,254.4
1,21,7946,10,1081,39,som,"[151, 152, 153]",2.0,128.0,128.0,128.0,128.0,128.0,1,19.0,99.26
1,21,7946,10,1081,40,julen,"[154, 155, 156, 157, 158]",4.0,105.0,105.0,105.0,105.0,105.0,1,86.0,542.44
1,21,7946,10,1081,41,var,"[159, 160, 161]",,,,,,,0,,
1,21,7946,10,1081,42,en,"[162, 163]",,,,,,,0,,
1,21,7946,10,1081,43,familiær,"[164, 165, 166, 167, 168, 169, 171]",2.0,168.0,168.0,168.0,168.0,168.0,1,52.0,243.57
1,21,7946,10,1081,44,"begivenhed,","[172, 173, 174, 175, 176, 177, 178, 179, 180, 181, 182]",6.0,164.0,164.0,164.0,164.0,164.0,1,46.0,353.67
1,21,7946,10,1081,45,så,[183],,,,,,,0,,
1,21,7946,10,1081,46,var,"[185, 186, 187]",,,,,,,0,,
1,21,7946,10,1081,47,midsommer,"[188, 189, 190, 191, 192, 193, 194, 195, 196]",5.0,201.0,416.0,416.0,219.0,657.0,3,34.0,319.37
1,21,7946,10,1081,48,"der,","[197, 198, 199, 200]",,,,,,,0,,
1,21,7946,10,1081,49,hvor,"[201, 202, 203, 204]",0.0,148.0,148.0,148.0,148.0,148.0,1,38.0,265.61
1,21,7946,10,1081,50,de,"[205, 206]",,,,,,,0,,
1,21,7946,10,1081,51,mødtes,"[207, 209, 210, 211, 212]",0.0,313.0,313.0,313.0,313.0,313.0,1,25.0,176.44
1,21,7946,10,1081,52,med,"[213, 214, 215]",0.0,153.0,153.0,153.0,153.0,153.0,1,33.0,266.23
1,21,7946,10,1081,53,den,"[216, 217, 218]",0.0,192.0,192.0,192.0,192.0,192.0,1,46.0,318.45
1,21,7946,10,1081,54,udvidede,"[219, 220, 221, 222, 223, 224, 225, 226]",7.0,249.0,249.0,441.0,218.0,436.0,2,27.0,237.95
1,21,7946,10,1081,55,familie.,"[227, 228, 229, 230, 231, 232, 233, 234]",4.0,112.0,112.0,112.0,112.0,112.0,1,62.0,500.07
1,21,7946,10,1082,56,Altså,"[235, 236, 237, 238]",2.0,196.0,196.0,196.0,196.0,196.0,1,87.0,553.56
1,21,7946,10,1082,57,alle,"[240, 241, 242, 243]",,,,,,,0,,
1,21,7946,10,1082,58,de,"[244, 245]",0.0,190.0,190.0,190.0,190.0,190.0,1,47.0,316.88
1,21,7946,10,1082,59,"venner,","[246, 247, 248, 249, 250, 251, 252]",2.0,141.0,141.0,331.0,176.5,353.0,2,30.0,328.7
1,21,7946,10,1082,60,vi,"[253, 254]",,,,,,,0,,
1,21,7946,10,1082,61,"børn,","[255, 257, 258, 259]",2.0,111.0,111.0,111.0,111.0,111.0,1,142.0,308.03
1,21,7946,10,1082,62,vi,"[260, 261]",0.0,115.0,115.0,115.0,115.0,115.0,1,26.0,269.35
1,21,7946,10,1082,63,så,[262],,,,,,,0,,
1,21,7946,10,1082,64,komme,"[264, 265, 266, 267, 268]",0.0,188.0,188.0,400.0,233.5,467.0,2,43.0,327.52
1,21,7946,10,1082,65,tit,"[269, 270, 271]",1.0,203.0,203.0,603.0,246.5,493.0,2,23.0,183.51
1,21,7946,10,1082,66,og,"[272, 273]",0.0,328.0,328.0,328.0,328.0,328.0,1,32.0,188.77
1,21,7946,10,1082,67,tæt,"[274, 276]",,,,,,,0,,
1,21,7946,10,1082,68,i,[277],0.0,404.0,404.0,404.0,404.0,404.0,1,29.0,139.92
1,21,7946,10,1082,69,barndomshjemmet.,"[278, 279, 280, 281, 282, 283, 284, 285, 286, 287, 288, 289, 290, 291, 292, 293]",1.0,311.0,455.0,455.0,227.5,455.0,2,36.5,250.71
1,22,7946,11,1083,0,Så,[1],,,,,,,0,,
1,22,7946,11,1083,1,var,"[3, 4, 5]",,,,,,,0,,
1,22,7946,11,1083,2,man,"[6, 7, 8]",0.0,143.0,143.0,143.0,151.0,302.0,2,49.0,401.17
1,22,7946,11,1083,3,nemlig,"[9, 10, 11, 12, 13, 14]",1.0,105.0,105.0,248.0,203.66666666666666,611.0,3,28.0,321.62
1,22,7946,11,1083,4,sammen,"[15, 16, 17, 18, 19, 20]",1.0,169.0,169.0,169.0,169.0,169.0,1,21.0,100.74
1,22,7946,11,1083,5,med,"[21, 22, 23]",,,,,,,0,,
1,22,7946,11,1083,6,den,"[24, 25, 26]",1.0,267.0,267.0,267.0,267.0,267.0,1,53.0,325.49
1,22,7946,11,1083,7,selvvalgte,"[27, 28, 29, 30, 31, 32, 33, 34, 35, 36]",2.0,164.0,164.0,164.0,154.0,308.0,2,31.0,247.47
1,22,7946,11,1083,8,familie.,"[37, 38, 39, 40, 41, 42, 43, 44]",3.0,127.0,127.0,394.0,149.5,299.0,2,46.0,328.95
1,22,7946,11,1084,9,Og,"[45, 46]",1.0,140.0,140.0,140.0,140.0,140.0,1,26.0,224.3
1,22,7946,11,1084,10,der,"[47, 48, 49]",,,,,,,0,,
1,22,7946,11,1084,11,fejrede,"[50, 51, 52, 53, 54, 55, 56]",5.0,269.0,269.0,269.0,217.0,651.0,3,28.333333333333332,265.17
1,22,7946,11,1084,12,de,"[57, 58]",,,,,,,0,,
1,22,7946,11,1084,13,voksne,"[59, 60, 61, 62, 63, 64]",5.0,112.0,112.0,756.0,187.0,374.0,2,29.0,289.52
1,22,7946,11,1084,14,hele,"[65, 66, 67, 68]",,,,,,,0,,
1,22,7946,11,1084,15,aftenen,"[69, 70, 71, 72, 73, 74, 75]",3.0,424.0,845.0,845.0,281.6666666666667,845.0,3,41.666666666666664,521.14
1,22,7946,11,1084,16,det,"[76, 77, 78]",,,,,,,0,,
1,22,7946,11,1084,17,"fælleskab,","[79, 81, 82, 83, 84, 85, 86, 87, 88]",5.0,196.0,196.0,196.0,196.0,196.0,1,31.0,307.57
1,22,7946,11,1084,18,de,"[89, 90]",0.0,124.0,124.0,124.0,124.0,124.0,1,25.0,130.6
1,22,7946,11,1084,19,havde,"[91, 92, 93, 94, 95]",,,,,,,0,,
1,22,7946,11,1084,20,etableret,"[96, 97, 98, 99, 100, 101, 102, 103, 104]",4.0,333.0,333.0,333.0,333.0,333.0,1,33.0,265.25
1,22,7946,11,1084,21,med,"[105, 106, 107]",,,,,,,0,,
1,22,7946,11,1084,22,hinanden,"[108, 109, 110, 111, 112, 113, 114, 115]",6.0,200.0,200.0,200.0,200.0,200.0,1,36.0,262.34
1,22,7946,11,1084,23,mens,"[116, 117, 118, 119]",,,,,,,0,,
1,22,7946,11,1084,24,vi,"[120, 121]",1.0,270.0,270.0,270.0,270.0,270.0,1,28.0,201.77
1,22,7946,11,1084,25,unger,"[122, 123, 124, 125, 126]",4.0,197.0,197.0,197.0,197.0,197.0,1,29.0,175.45
1,22,7946,11,1084,26,legede.,"[127, 128, 129, 130, 131, 132, 133]",1.0,149.0,149.0,149.0,149.0,149.0,1,58.0,469.74
1,22,7946,11,1085,27,Og,"[134, 135]",,,,,,,0,,
1,22,7946,11,1085,28,glædede,"[136, 137, 139, 140, 141, 142]",1.0,148.0,417.0,417.0,208.5,417.0,2,22.0,158.11
1,22,7946,11,1085,29,os,"[143, 144]",1.0,151.0,151.0,151.0,151.0,151.0,1,40.0,249.04
1,22,7946,11,1085,30,helt,"[145, 146, 147, 148]",3.0,213.0,213.0,213.0,213.0,213.0,1,23.0,161.24
1,22,7946,11,1085,31,sindssygt,"[149, 150, 151, 152, 153, 154, 155, 156, 157]",8.0,160.0,160.0,160.0,160.0,160.0,1,76.0,512.11
1,22,7946,11,1085,32,"til,","[158, 159, 160, 161]",,,,,,,0,,
1,22,7946,11,1085,33,at,"[162, 163]",,,,,,,0,,
1,22,7946,11,1085,34,vi,"[164, 165]",,,,,,,0,,
1,22,7946,11,1085,35,skulle,"[166, 167, 168, 169, 170, 171]",3.0,253.0,253.0,253.0,253.0,253.0,1,50.0,337.06
1,22,7946,11,1085,36,være,"[172, 174, 175]",,,,,,,0,,
1,22,7946,11,1085,37,længe,"[176, 178, 179, 180]",,,,,,,0,,
1,22,7946,11,1085,38,oppe.,"[181, 182, 183, 184, 185]",,,,,,,0,,
1,22,7946,11,1086,39,Og,"[186, 187]",,,,,,,0,,
1,22,7946,11,1086,40,vi,"[188, 189]",1.0,113.0,113.0,113.0,113.0,113.0,1,29.0,206.5
1,22,7946,11,1086,41,skulle,"[190, 191, 192, 193, 194, 195]",,,,,,,0,,
1,22,7946,11,1086,42,se,"[196, 197]",,,,,,,0,,
1,22,7946,11,1086,43,bål,"[198, 200]",0.0,244.0,244.0,244.0,244.0,244.0,1,34.0,291.71
1,22,7946,11,1086,44,...,"[201, 202, 203]",,,,,,,0,,
1,22,7946,11,1086,45,for,"[204, 205, 206]",,,,,,,0,,
1,22,7946,11,1086,46,efter,"[207, 208, 209, 210, 211]",4.0,305.0,305.0,305.0,305.0,305.0,1,30.0,210.76
1,22,7946,11,1086,47,mad,"[212, 213, 214]",,,,,,,0,,
1,22,7946,11,1086,48,og,"[215, 216]",,,,,,,0,,
1,22,7946,11,1086,49,"leg,","[217, 218, 219, 220]",0.0,334.0,334.0,334.0,334.0,334.0,1,42.0,251.19
1,22,7946,11,1086,50,så,[221],,,,,,,0,,
1,22,7946,11,1086,51,var,"[223, 224, 225]",,,,,,,0,,
1,22,7946,11,1086,52,det,"[226, 227, 228]",2.0,251.0,251.0,251.0,251.0,251.0,1,24.0,157.89
1,22,7946,11,1086,53,"dét,","[229, 231, 232]",,,,,,,0,,
1,22,7946,11,1086,54,vi,"[233, 234]",0.0,110.0,110.0,110.0,110.0,110.0,1,86.0,544.57
1,22,7946,11,1086,55,"skulle,","[235, 236, 237, 238, 239, 240, 241]",,,,,,,0,,
1,22,7946,11,1086,56,vi,"[242, 243]",0.0,214.0,214.0,214.0,214.0,214.0,1,35.0,263.56
1,22,7946,11,1086,57,skulle,"[244, 245, 246, 247, 248, 249]",,,,,,,0,,
1,22,7946,11,1086,58,se,"[250, 251]",,,,,,,0,,
1,22,7946,11,1086,59,bål.,"[252, 254, 255]",0.0,166.0,166.0,166.0,166.0,166.0,1,48.0,327.03
1,22,7946,11,1087,60,Og,"[256, 257]",,,,,,,0,,
1,22,7946,11,1087,61,vi,"[258, 259]",,,,,,,0,,
1,22,7946,11,1087,62,var,"[260, 261, 262]",,,,,,,0,,
1,22,7946,11,1087,63,sammen,"[263, 264, 265, 266, 267, 268]",3.0,123.0,254.0,254.0,127.0,254.0,2,94.0,353.04
1,22,7946,11,1087,64,om,"[269, 270]",,,,,,,0,,
1,22,7946,11,1087,65,det.,"[271, 272, 273, 274]",,,,,,,0,,
1,22,7946,11,1088,66,Og,"[275, 276]",,,,,,,0,,
1,22,7946,11,1088,67,da,"[277, 278]",,,,,,,0,,
1,22,7946,11,1088,68,jeg,"[279, 280, 281]",0.0,147.0,147.0,147.0,147.0,147.0,1,44.0,350.69
1,22,7946,11,1088,69,blev,"[282, 283, 284, 285]",0.0,179.0,179.0,179.0,179.0,179.0,1,21.0,89.86
1,22,7946,11,1088,70,"ældre,","[287, 288, 289, 290, 291]",,,,,,,0,,
1,22,7946,11,1088,71,søgte,"[292, 294, 295, 296]",,,,,,,0,,
1,22,7946,11,1088,72,jeg,"[297, 298, 299]",2.0,177.0,177.0,177.0,177.0,177.0,1,29.0,169.89
1,22,7946,11,1088,73,selv,"[300, 301, 302, 303]",,,,,,,0,,
1,22,7946,11,1088,74,mod,"[304, 305, 306]",,,,,,,0,,
1,22,7946,11,1088,75,mine,"[307, 308, 309, 310]",0.0,201.0,201.0,201.0,201.0,201.0,1,83.0,557.05
1,22,7946,11,1088,76,egne,"[311, 312, 313, 314]",3.0,175.0,175.0,175.0,175.0,175.0,1,49.0,358.91
1,22,7946,11,1088,77,selvetablerede,"[315, 316, 317, 318, 319, 320, 321, 322, 323, 324, 325, 326, 327, 328]",4.0,144.0,144.0,144.0,144.0,144.0,1,21.0,116.27
1,22,7946,11,1088,78,fællesskaber.,"[329, 331, 332, 333, 334, 335, 336, 337, 338, 339, 340, 341]",5.0,170.0,170.0,170.0,170.0,170.0,1,36.0,301.3
1,22,7946,11,1089,79,Ligesom,"[342, 343, 344, 345, 346, 347, 348]",,,,,,,0,,
1,22,7946,11,1089,80,I,[349],0.0,286.0,286.0,286.0,286.0,286.0,1,33.0,251.91
1,22,7946,11,1089,81,har,"[350, 351, 352]",,,,,,,0,,
1,22,7946,11,1089,82,gjort.,"[353, 354, 355, 356, 357, 358]",,,,,,,0,,
1,22,7946,11,1090,83,Og,"[359, 360]",0.0,153.0,153.0,153.0,153.0,153.0,1,27.0,204.27
1,22,7946,11,1090,84,ve,"[361, 362]",,,,,,,0,,
1,22,7946,11,1090,85,"den,","[363, 364, 365, 366]",3.0,157.0,157.0,157.0,157.0,157.0,1,20.0,92.77
1,22,7946,11,1090,86,som,"[367, 368, 369]",,,,,,,0,,
1,22,7946,11,1090,87,sad,"[370, 371, 372]",,,,,,,0,,
1,22,7946,11,1090,88,alene,"[373, 374, 375, 376, 377]",1.0,224.0,224.0,224.0,165.0,330.0,2,40.5,415.75
1,22,7946,11,1090,89,på,[378],,,,,,,0,,
1,22,7946,11,1090,90,sankthansaften.,"[380, 381, 382, 383, 384, 385, 386, 387, 388, 389, 390, 391, 392, 393, 394]",4.0,163.0,163.0,163.0,163.0,163.0,1,25.0,222.22
